Timestamp,Open_a,Open_b,High_a,High_b,Low_a,Low_b,Close_a,Close_b,Volume
2018-10-07,10142.62429877,6532.86410571,10580.82953294,6816.27114324,10130.19173187,6524.85628962,10420.14805246,6704.32361765,4.41630374
2018-10-06,10205.60926668,6574.50832100,10289.28441144,6627.32788131,10087.51120172,6498.42891304,10142.61298670,6532.85681960,1.78153769
2018-10-05,10179.40537446,6594.85673130,10240.32011210,6631.25130446,10148.53617702,6536.67194637,10212.73138631,6579.09642872,12.63535440
2018-10-04,9934.00567242,6465.34700451,10180.14931887,6605.71713788,9920.35865815,6447.26732715,10179.52868113,6594.93661709,9.49576740
2018-10-03,10038.48072452,6616.76583948,10053.49852054,6623.80493162,9918.85635179,6455.48737507,9934.00852642,6465.34886197,9.92713581
2018-10-02,10215.92599501,6743.55937557,10215.92599501,6743.55937557,9965.01837821,6578.31719079,10040.40195059,6618.03219675,5.88760824
2018-10-01,10035.99618737,6648.70195067,10256.66061279,6777.06479542,9971.20730371,6602.74454426,10178.31656778,6718.73329464,4.91307342
2018-09-30,9943.32205505,6581.49460885,10058.49587677,6657.72827427,9892.46599316,6547.83293166,9998.34068581,6623.75572690,2.51734131
2018-09-29,10179.19549689,6737.61947107,10179.19549689,6737.61947107,9936.39699804,6576.91090683,9943.32205505,6581.49460885,1.52939515
2018-09-28,10234.67353398,6771.25688988,10328.86650828,6827.98691651,10094.05540221,6675.09286304,10179.19549689,6737.61947107,5.81394942
2018-09-27,9892.86898048,6588.64855357,10221.30490535,6762.41220926,9849.10408371,6545.16413489,10221.30490535,6762.41220926,7.80506306
2018-09-26,9758.55977636,6479.68410620,9913.81660265,6602.18940649,9730.31535812,6479.68410620,9892.86898048,6588.64855357,10.14880374
2018-09-25,9853.64213490,6541.94568202,9878.61983670,6568.54135847,9717.77619574,6453.51225501,9758.55977636,6479.68410620,17.60730860
2018-09-24,9924.35077480,6629.86485200,9961.91902150,6643.31968448,9739.98290040,6489.02652791,9862.77956366,6548.01212546,6.83621344
2018-09-23,9941.86450512,6646.13336777,10114.15776948,6761.31136207,9856.22454159,6588.88307846,9924.35077480,6629.86485200,5.72589284
2018-09-22,10147.38475234,6783.46463823,10175.05235203,6801.96025939,9806.64610187,6556.72173603,9941.86450512,6646.13336777,4.43490189
2018-09-21,9549.26913619,6383.68348424,10158.70929068,6791.03502285,9536.53915230,6378.10696255,10147.38475234,6783.46463823,7.45185627
2018-09-20,9773.89526763,6493.46711120,9788.06233224,6501.12137136,9471.01907371,6332.77885047,9548.62104592,6383.25023610,7.70895773
2018-09-19,10099.65599249,6658.48018803,10123.84076698,6668.46758983,9584.29719111,6340.01174236,9725.05020193,6461.01599329,5.80300236
2018-09-18,9746.51905201,6400.22947403,10140.38494556,6679.23321575,9633.42096874,6348.80382292,10099.65599249,6658.48018803,4.55491082
2018-09-17,10189.77864676,6665.55374147,10231.76644629,6718.84072812,9620.20726487,6327.58508832,9720.80202181,6383.34191718,8.97020909
2018-09-16,9860.52616287,6458.71891194,10331.74613344,6772.63103107,9784.72774624,6409.07037809,10189.77864676,6665.55374147,1.91169515
2018-09-15,9976.28929159,6534.54463325,10212.96255803,6689.56740554,9872.36797133,6466.47538569,9872.36797133,6466.47538569,3.59074075
2018-09-14,9969.35432310,6557.77618650,10137.49731539,6666.97619117,9772.07051646,6437.44616774,9976.28929159,6534.54463325,8.62041250
2018-09-13,9732.54606668,6389.15746675,9974.78392232,6561.34774142,9727.00280660,6378.44221191,9974.78392232,6561.34774142,4.05542310
2018-09-12,9759.21374910,6363.46097736,9825.68871305,6416.72202344,9649.32275473,6288.12090900,9742.98785333,6396.01222178,8.24571876
2018-09-11,9764.24244817,6371.51346975,10106.04351350,6591.33023145,9763.01416554,6365.82695352,9948.38354711,6486.80847837,7.00100348
2018-09-10,9506.13173410,6211.39201214,9848.29797391,6437.57866898,9491.23574744,6199.24870671,9800.43880812,6395.13287455,5.61945376
2018-09-09,9668.92955196,6320.57804847,9711.57827264,6348.45751189,9370.99895120,6121.62661689,9506.13173410,6211.39201214,2.13277458
2018-09-08,9879.51303862,6458.23644757,10140.42369118,6628.79370878,9653.03778831,6310.18960454,9655.20848531,6311.60858891,3.18446474
2018-09-07,9905.58740428,6523.55050053,10030.89509906,6599.84697660,9787.69821690,6437.85627306,9879.50685044,6458.23240236,8.70578951
2018-09-06,10580.81400420,6980.05494174,10602.26832097,6996.21580488,9778.61447955,6450.99008132,9898.55948792,6518.92210593,5.50593554
2018-09-05,11012.46910223,7211.73389379,11069.26364547,7251.44221171,10606.83049025,6996.55159020,10606.83049025,6997.21775189,10.38339627
2018-09-04,10728.96654078,7084.81902637,11092.69187896,7271.01174875,10636.87635929,7014.57690425,11012.46573371,7211.73168785,10.68761147
2018-09-03,10927.65714735,7216.62381597,11080.30414774,7324.41173152,10694.17480852,7061.55070843,10730.04861279,7085.53356718,7.57692961
2018-09-02,10778.06001898,7131.88421438,10990.25171407,7272.29228392,10662.66738917,7055.52846264,10907.07137232,7203.02897196,7.74238111
2018-09-01,10277.05555350,6800.36761191,10941.22817915,7239.85322028,10267.78039213,6794.23020158,10842.00625459,7174.19768708,6.59677412
2018-08-31,10539.52999614,7014.21406429,10605.40630536,7040.54101239,10197.32590196,6747.61019154,10277.05555350,6800.36761191,7.20872232
2018-08-30,10558.07862216,7089.16558373,10702.97810801,7135.23311588,10474.67684403,6976.03024929,10539.52999614,7014.21406429,6.66672707
2018-08-29,10384.23497016,6970.15999334,10558.77831965,7089.63539188,10312.41078187,6920.53299260,10558.77831965,7089.63539188,7.78211735
2018-08-28,10502.35670559,7031.32771595,10569.01137786,7087.58334917,10357.64005566,6950.01240799,10377.13720709,6965.39579605,7.00775643
2018-08-27,9858.61642300,6601.72259699,10507.66790566,7034.88356435,9844.19402595,6585.86850998,10507.66790566,7034.88356435,7.01847635
2018-08-26,10264.31170850,6858.64936588,10264.31170850,6858.64936588,9836.38714844,6586.83698852,9845.87481252,6593.19030664,2.24778726
2018-08-25,10057.62797257,6720.54256294,10342.10894340,6910.63375323,10049.97620412,6715.42962421,10254.09077254,6851.81970034,6.05760291
2018-08-24,9791.12817736,6491.90804788,10180.75265619,6802.81491175,9674.93075873,6422.00527221,10057.62797257,6720.54256294,2.90342488
2018-08-23,9624.71484995,6447.71790914,9767.15859971,6520.57472872,9582.78373181,6359.13480622,9750.86383524,6465.21118498,7.41118039
2018-08-22,9849.17662854,6602.65242914,10221.31183642,6854.51242400,9565.15842593,6403.11898420,9618.32130928,6443.43479558,14.91818908
2018-08-21,9822.49853476,6526.20417356,9863.65606819,6602.65242914,9765.81201840,6491.90833063,9849.17662854,6602.65242914,7.36321348
2018-08-20,9927.65548024,6577.86471725,10006.17314742,6627.78105480,9802.44764670,6516.83092960,9814.17151278,6520.67158473,7.96551134
2018-08-19,9777.72425064,6488.49732479,9930.01859712,6579.43047094,9610.68019961,6377.64690086,9930.01859712,6579.43047094,4.82817904
2018-08-18,10095.47799546,6699.35869400,10216.49781968,6779.66744331,9777.72425064,6488.49732479,9777.72425064,6488.49732479,5.47977635
2018-08-17,9699.85256040,6389.43932173,10095.71716919,6699.51740967,9699.85256040,6389.43932173,10095.71716919,6699.51740967,2.95157221
2018-08-16,9727.69846278,6381.41726091,10048.66079192,6589.13021851,9700.04021938,6376.11464383,9700.07914328,6389.58857530,767.08516906
2018-08-15,9406.50230399,6185.81055306,10008.72454215,6567.92602441,9335.39422166,6121.40338309,9727.75706555,6381.45570462,390.84672313
2018-08-14,9661.07543529,6354.95890476,9690.06821261,6376.79010348,9300.68127988,6122.43021183,9406.36053114,6185.71732181,16.50902110
2018-08-13,9806.88473656,6464.89569593,10010.95818037,6590.16519736,9647.26005204,6346.00486251,9661.07543529,6354.95890476,10.52192634
2018-08-12,9969.88854094,6561.18325119,10106.03909764,6650.78392712,9784.59429238,6439.24111360,9802.20713687,6461.81212811,2.31920136
2018-08-11,9776.83951870,6434.13769735,9999.18295073,6580.46190110,9644.96780186,6347.35292576,9966.90581537,6559.22031961,2.80802983
2018-08-10,9976.73173066,6587.28852905,10059.78059668,6634.76759781,9689.83761565,6378.13258816,9776.83951870,6434.13769735,12.78055591
2018-08-09,10114.22683534,6785.63524864,10228.29403675,6834.56396278,9779.88218968,6472.79091156,9942.63127854,6564.77318804,20.76408167
2018-08-08,10133.73704397,6830.13658199,10294.16066783,6938.88408512,9757.90291885,6593.41376337,10156.48075233,6813.98340350,12.63548328
2018-08-07,10923.81206658,7351.24117693,10955.51171305,7375.24880662,10144.03322626,6837.07620664,10144.03322626,6837.07620664,13.84614220
2018-08-06,10224.38100362,6894.30209837,11026.96559759,7418.83165826,10130.85145862,6833.20717488,10923.81206658,7351.24117693,4.09073606
2018-08-05,10590.27275257,7140.87370795,10590.27275257,7140.87370795,10150.88857453,6847.33174714,10224.38100362,6894.30209837,4.21009617
2018-08-04,11103.43524241,7486.89204168,11143.38293481,7513.82821537,10544.21993580,7109.82093375,10590.27275257,7140.87370795,7.61449924
2018-08-03,11503.60744840,7750.78035881,11597.95522202,7812.38037509,11072.30099854,7473.73647718,11103.43524241,7486.89204168,9.71676676
2018-08-02,11121.90312666,7560.23231954,11501.23512261,7753.41538255,11098.75330233,7540.14443535,11484.90449815,7738.17888053,7.63846251
2018-08-01,11518.54460859,7837.96805528,11518.54460859,7837.96805528,11071.16951440,7518.44746159,11121.57235470,7560.00747377,10.32832506
2018-07-31,12055.12592674,8228.82791912,12055.12592674,8228.82791912,11398.30333166,7756.34861924,11498.09599579,7824.05348714,7.76826025
2018-07-30,12303.15255700,8362.08511712,12326.90111477,8381.05739018,11889.12918926,8117.48007129,12048.33860626,8224.19489474,10.16613965
2018-07-29,11997.30081833,8138.96668740,12435.85041863,8436.47865628,11994.32792495,8136.94987708,12302.55361731,8361.67803572,6.11337386
2018-07-28,12044.97804483,8173.72300687,12165.18083454,8252.85645979,11901.99716313,8074.31270509,11996.57243247,8138.47255057,4.19058608
2018-07-27,12183.21589982,8262.28887715,12184.47511198,8267.49380124,11687.79106257,7932.24020741,12044.36589317,8173.30760070,13.05354935
2018-07-26,12392.69562927,8481.79215661,12411.76863582,8496.30116627,12144.61898481,8238.42176686,12182.87252990,8262.05601404,729.05344059
2018-07-25,11905.29569722,8101.55215026,12539.68530775,8514.90336140,11905.29569722,8101.55215026,12393.82416351,8482.56454650,382.93422456
2018-07-24,11548.78556980,7832.35609825,11905.91549085,8107.49378067,11226.67755259,7613.92910412,11905.42631760,8101.64103741,1449.57366314
2018-07-23,10840.49946052,7389.15715721,11549.71798576,7836.48020528,10658.47934425,7268.44176353,11548.80142104,7832.36684852,730.83850002
2018-07-22,11099.06329816,7554.02145942,11099.62323089,7554.40254959,10693.06207662,7273.49422716,10741.55088188,7321.71131667,3.38982918
2018-07-21,11098.20025743,7552.10796328,11100.51302456,7559.85495594,11096.96899206,7551.27011130,11098.14836021,7553.39875274,657.58637587
2018-07-20,11377.55670379,7674.90065600,11378.49407760,7697.66273001,10961.04510813,7394.64985228,11098.04029693,7551.99911329,661.24817985
2018-07-19,10939.10581698,7432.35650573,11377.68145994,7677.29362514,10614.87998193,7209.52060182,11377.61764495,7674.94176478,659.28219156
2018-07-18,10184.91545880,6896.20496274,11220.28690566,7631.14131122,9921.30374763,6727.63490806,10939.10581698,7432.35650573,995.39451933
2018-07-17,9831.32401188,6663.86773013,10185.08160928,6906.82044761,9355.61000000,6347.42974691,10184.91545880,6896.20496274,654.26788268
2018-07-16,9634.12805401,6516.52482829,10042.11437618,6805.79802503,9122.87000000,6185.71792779,9831.32401188,6663.86773013,662.27387731
2018-07-15,9480.93857201,6411.88825754,9705.12000000,6563.50049031,9480.76236261,6409.76901479,9634.12805401,6516.52482829,341.11441967
2018-07-14,9478.27991206,6410.09022558,9481.47746217,6412.25270495,9204.84000000,6225.16484631,9480.93857201,6411.88825754,1018.52702234
2018-07-13,9299.18400603,6295.82408468,9478.27991206,6412.92060735,9112.10399716,6130.23444994,9478.27991206,6410.09022558,342.49087913
2018-07-12,9566.21021793,6457.83477456,9982.16886859,6738.57113156,9299.18400603,6285.22558799,9299.18400603,6295.82408468,680.05087034
2018-07-11,9797.60000000,6679.95257435,9968.34000000,6788.88698196,8554.10569342,5813.03595154,9566.21021793,6457.83477456,3.88597489
2018-07-10,9947.12998727,6810.49981395,10217.15000000,6996.44738806,9750.15000000,6649.49645332,9803.50000000,6683.97516358,3.29547097
2018-07-09,10081.24692356,6886.49745618,10081.24692356,6898.50379244,9773.07000000,6679.61389333,9947.12998727,6810.49981395,340.78037464
2018-07-08,9826.89873611,6718.15831288,10118.46538938,6920.01410843,9375.70000000,6409.69634323,10081.36329530,6886.57694968,337.75250425
2018-07-07,9819.32733562,6714.29952177,9826.92581160,6718.17682304,9292.97000000,6354.38476529,9826.89873611,6718.15831288,1022.78494700
2018-07-06,9833.33969636,6685.68552348,10479.45000000,7119.79134112,9457.92000000,6448.19941426,9819.33693978,6714.30608895,694.40566607
2018-07-05,10150.27290385,6863.61180175,10153.95000000,6865.08626023,9788.89611403,6642.19512824,9833.33969636,6685.68552348,344.01114949
2018-07-04,9838.42456895,6644.87234193,10372.59000000,7010.88477308,9836.19235470,6644.87234193,10150.27290385,6863.61180175,8.50669939
2018-07-03,9879.96593604,6630.54256953,9995.26932547,6711.44603120,9827.10046208,6584.05275033,9838.42456895,6644.87234193,1037.50771893
2018-07-02,9349.78162288,6335.56627589,9879.96593604,6633.88364934,9314.82783646,6304.78057838,9879.96593604,6630.54256953,694.67508293
2018-07-01,9655.91570334,6533.31689390,9655.91570334,6533.31689390,9349.61705469,6330.62451947,9349.78162288,6335.56627589,1387.34978587
2018-06-30,9271.46501492,6278.71534549,9655.92768666,6537.98364394,8799.08000000,5958.81217621,9655.91570334,6533.31689390,1040.57418876
2018-06-29,9008.78243739,6089.21632981,9453.16841767,6408.76697850,8917.09563654,6025.92410438,9271.46501492,6278.71534549,696.71084220
2018-06-28,9014.46132424,6122.99798554,9649.63980162,6536.07957093,9008.43567839,6081.43294640,9008.78243739,6089.21632981,700.60457125
2018-06-27,9160.45130563,6280.67423805,9428.57177602,6416.77937501,9014.46132424,6122.99798554,9014.46132424,6122.99798554,354.36931615
2018-06-26,9094.52658611,6267.26366886,9268.42615197,6392.37423123,9094.52658611,6267.26366886,9160.45130563,6280.67423805,361.35446902
2018-06-25,8669.56885055,5997.82549026,9668.78000000,6674.87266436,8669.56885055,5997.82549026,9094.52658611,6267.26366886,697.81936148
2018-06-24,9450.85139255,6527.73269274,9523.99000000,6578.24975825,8668.79672660,5987.58467772,8670.72408397,5998.62470976,692.25739084
2018-06-23,9389.18292412,6485.13808822,9684.50000000,6689.11451858,8901.36978053,6148.20402026,9450.85139255,6527.73269274,2.68949244
2018-06-22,9990.59122207,6863.53652647,10164.62000000,6992.47137554,9389.15428875,6472.75656107,9389.18292412,6485.13808822,1045.39194398
2018-06-21,9810.99088427,6734.29398936,10147.64000000,6944.63055212,9808.40488491,6709.56602804,9990.59122207,6863.53652647,699.27041894
2018-06-20,9743.58158945,6728.91845771,10323.45000000,7127.87919797,9743.58158945,6702.37595305,9810.99088427,6734.29398936,351.50692712
2018-06-19,9815.16486869,6805.83542476,9911.70930553,6879.87707028,9743.58158945,6716.22445962,9743.58158945,6728.91845771,1037.69488620
2018-06-18,9778.62554912,6786.36702689,9918.82000000,6870.71611492,9223.08461776,6387.99585898,9815.22984543,6805.88047963,698.45240367
2018-06-17,9770.71867215,6787.81386790,9883.73000000,6854.36707373,9415.37856254,6540.95561676,9778.62554912,6786.36702689,1.62677009
2018-06-16,10020.71103754,6961.48601031,10046.03000000,6979.07534128,9671.74219169,6719.05393844,9770.71867215,6787.81386790,1.47651641
2018-06-15,9415.43764855,6561.26230209,10064.56007634,6985.80918249,9415.43764855,6561.26230209,10020.71103754,6961.48601031,5.93781193
2018-06-14,9197.14299472,6462.32558226,9548.65508981,6707.47570204,9159.12749717,6443.53102112,9415.45304225,6561.27302938,1044.77212083
2018-06-13,9756.65364895,6834.19477618,10454.43000000,7323.01401010,8883.15743133,6236.34167986,9197.14635731,6462.32794496,697.67590036
2018-06-12,10661.22000000,7481.75215778,10674.54000000,7488.93449092,9756.41478226,6828.53861400,9756.65364895,6834.19477618,693.09243560
2018-06-11,10001.77972898,7026.45039048,10613.69000000,7472.99812994,9752.61181402,6853.65206409,9878.77279258,6932.65214085,351.42711582
2018-06-10,11100.23447859,7810.12542275,11100.23447859,7810.12542275,10001.50687628,7015.02703138,10001.77972898,7026.45039048,691.89571106
2018-06-09,11131.60331570,7833.08937844,11131.60331570,7833.08937844,10849.62000000,7634.66328900,11100.30808170,7810.17720990,338.86997780
2018-06-08,10839.33321590,7614.62914749,11131.98917450,7836.37653388,10798.20799736,7584.13167546,11131.60331570,7833.08937844,679.44359069
2018-06-07,10815.00537398,7611.32864524,10874.50000000,7653.85124311,10694.01000000,7525.93792347,10839.33321590,7614.62914749,341.63804829
2018-06-06,11073.10803311,7784.61443448,11081.59000000,7799.86945896,10760.55603236,7567.94587094,10815.00537398,7611.32864524,686.76675253
2018-06-05,10862.35089395,7637.31779620,11198.61000000,7873.26546955,10754.78956238,7536.36548377,10754.81438920,7560.84769371,685.86568244
2018-06-04,11278.56774628,7870.18116714,11282.17218691,7885.32456572,10860.13890491,7582.05493055,10862.35089395,7637.31779620,678.11154350
2018-06-03,10884.41882334,7603.85125650,11278.76513376,7870.31890407,10810.88000000,7552.47705973,11278.56774628,7870.18116714,342.96702931
2018-06-02,10883.87890112,7600.20872255,11269.78000000,7869.68332111,10882.35313122,7599.14327797,10884.41882334,7603.85125650,675.47832328
2018-06-01,11019.52082389,7722.57024473,11019.52082389,7722.57024473,10851.81107472,7580.97995700,10883.87890112,7600.20872255,1016.55091283
2018-05-31,10788.85059198,7537.68236077,11074.61171267,7732.64141816,10653.30416363,7457.63359279,11019.52082389,7722.57024473,679.27227410
2018-05-30,11070.04710371,7629.47452904,11137.27115084,7787.28184484,10785.04763022,7535.02540324,10788.85059198,7537.68236077,678.16058119
2018-05-29,11335.96138396,7866.19197151,11357.17000000,7889.67313905,10445.67147018,7236.73365457,11070.04710371,7629.47452904,679.29458858
2018-05-28,10903.66539061,7546.42633538,11880.58157135,8252.74214594,10903.62756253,7543.82094196,11327.72529302,7860.47682568,9.62071539
2018-05-27,10900.24591657,7538.60746151,11769.60000000,8142.20635695,10900.22984768,7538.59634827,10903.66539061,7546.42633538,671.37854982
2018-05-26,10907.69217141,7543.75728957,10907.84083085,7543.86010240,10900.07514088,7538.48935309,10900.24591657,7538.60746151,669.71773895
2018-05-25,11161.07730432,7736.77894379,12142.87000000,8416.44832606,10907.17967201,7537.02261900,10907.69217141,7543.75728957,672.19347485
2018-05-24,10860.10122223,7533.00077149,11776.75195044,8169.80355617,10860.10122223,7533.00077149,11161.09078665,7736.78828965,672.96534952
2018-05-23,11982.70479575,8312.39849145,11989.53848291,8322.30023830,10854.04972252,7507.79122659,10860.10122223,7533.00077149,690.51882047
2018-05-22,12343.09703674,8585.85722724,12343.09703674,8599.02550780,11952.60755137,8291.52004263,11983.90627614,8313.23195801,9.21389368
2018-05-21,12171.24782756,8406.67839537,12918.24728343,8930.57559799,12171.24782756,8406.67839537,12343.05903946,8585.83079634,355.38418318
2018-05-20,12162.95443676,8410.57596844,12171.82862668,8433.84773170,11966.56407677,8274.77376259,12171.19884406,8406.64456247,1004.32256142
2018-05-19,11895.26163747,8225.46875322,12167.81604961,8413.93773095,11621.42897611,8036.11587741,12162.95443676,8410.57596844,336.16495800
2018-05-18,12073.68470025,8308.86947168,12189.65847993,8390.12379732,11893.93023364,8193.09984971,11895.26163747,8225.46875322,1009.12187488
2018-05-17,12124.67481140,8374.51042259,12466.41209587,8622.53469825,11734.22146078,8065.77461353,12073.68470025,8308.86947168,340.01948062
2018-05-16,12687.61694314,8708.01792112,12868.14632027,8845.04731117,12119.35268546,8349.42643971,12124.67481140,8374.51042259,344.76648785
2018-05-15,12996.15444120,8986.83829775,13011.14232052,9000.48562259,12531.33239469,8667.84143527,12697.76590963,8714.98356190,26.70228047
2018-05-14,12493.56330508,8702.11340800,13002.55445246,8992.37960468,12132.61009106,8435.72228530,12996.15444120,8986.83829775,688.39955711
2018-05-13,12811.62395254,8927.02780374,12832.62786678,8943.16399891,12129.60916730,8451.80585117,12493.56330508,8702.11340800,336.03483906
2018-05-12,13683.18969494,9534.32720966,13698.29951295,9544.85559903,12798.60234648,8917.95446223,12806.12901378,8923.19897835,342.34815355
2018-05-11,13730.62266414,9571.71325489,13732.30195002,9575.18287178,12870.98856589,8974.46096229,13683.25462729,9534.37245395,338.89873645
2018-05-10,13017.72320461,9038.58540465,13803.14434850,9625.59682435,12643.72388801,8764.53287361,13730.66234041,9571.74091350,333.27700726
2018-05-09,13613.99190524,9487.77015333,13683.41401142,9495.45372511,12824.18160149,8915.06725239,13017.72320461,9038.58540465,337.88607633
2018-05-08,13333.75783319,9356.83262108,13752.26287758,9659.66005533,13216.33941881,9273.78018118,13613.99190524,9487.77015333,669.60683012
2018-05-07,13592.47463466,9545.99442139,14411.55919483,10114.02784940,13067.07862661,9184.39430357,13333.75906885,9356.83348819,345.01651658
2018-05-06,14155.01295551,9938.94310654,14155.01295551,9938.94310654,13467.56807745,9456.25364851,13592.50946351,9546.01888169,331.33820217
2018-05-05,14143.55263427,9927.39007108,14156.21364665,9939.78617190,13339.99689433,9366.67953543,14154.97891299,9938.91920358,654.66731653
2018-05-04,13510.97051809,9517.12714566,14281.22306599,10029.95667011,13248.98404783,9326.75650219,14143.55263427,9927.39007108,335.27167775
2018-05-03,13210.57968221,9242.04539122,13507.32519055,9514.55937708,12757.44002488,8961.80560836,13505.55578232,9513.31300599,339.06895779
2018-05-02,12554.37365746,8783.91994197,13276.57442942,9323.69245325,12524.10070439,8776.97642903,13210.74878617,9242.16369538,334.96703289
2018-05-01,13510.17345783,9503.05729885,13510.17345783,9503.05729885,12554.62988858,8779.72546628,12555.76796526,8784.89549745,334.90363399
2018-04-30,13495.49537120,9549.41125650,13510.16979479,9568.70798175,13475.88948839,9492.30908749,13510.07757236,9502.98985300,651.73337048
2018-04-29,13513.41085331,9566.14288204,13517.17180659,9570.94665068,13043.26383245,9233.32582897,13501.12566760,9553.39525370,336.00509051
2018-04-28,13264.10488372,9389.65919836,13523.55038687,9573.32065735,12979.17387392,9187.95655046,13513.41085331,9566.14288204,324.70384395
2018-04-27,13373.78288649,9448.94588670,13518.24388947,9587.92161332,12791.24198583,9026.77777147,13297.70884844,9413.44744334,17.13750132
2018-04-26,12782.82838126,9045.83225269,13376.07077673,9450.56234415,12556.80928883,8865.64310872,13373.75562439,9448.92662527,649.19686920
2018-04-25,12777.77028039,9093.48875170,13713.63862450,9719.31229092,12773.03071122,9045.71332768,12782.87056488,9045.86210414,641.66033292
2018-04-24,12623.43527122,9029.35477797,12778.43273304,9105.24309752,12623.30205513,8997.38611411,12778.43273304,9093.96019591,962.50039251
2018-04-23,12031.99204644,8673.86272366,12623.60743356,9097.10665907,12014.11346648,8614.11320125,12623.43524403,9029.35475852,330.61073243
2018-04-22,11560.05998608,8331.91104368,12608.17027827,9085.33257306,11558.27067133,8328.78448664,12032.28530718,8674.07413532,325.30521348
2018-04-21,11564.38149341,8333.28997250,12103.13461575,8721.51531725,11560.07501270,8331.61635938,11560.08704307,8331.93054500,1271.03416360
2018-04-20,11049.28105160,8025.97611053,11850.87556610,8591.63777584,11048.35342705,8002.17389327,11563.80475003,8332.87437139,647.87383501
2018-04-19,11379.39287343,8335.23257377,11619.93052925,8450.34443878,11000.08359911,8025.94572353,11049.84076051,8026.38267185,641.45954350
2018-04-18,11098.91736134,8148.82330625,11380.77913942,8347.64379854,11081.37305548,8106.62676995,11379.42075185,8335.25299429,645.21145535
2018-04-17,11118.73230941,8188.94786493,11251.21078586,8287.25070829,11097.60618208,8145.57903254,11100.47521063,8149.96707895,638.08537872
2018-04-16,11195.16438833,8227.32238455,11543.22482618,8497.61355345,11113.94893253,8153.20845241,11118.80447578,8189.00101547,958.85850846
2018-04-15,10905.82290208,8027.54620888,11276.25904528,8300.21644053,10753.47040432,7915.40274875,11195.16438833,8227.32238455,11.59850461
2018-04-14,10693.05094802,7870.92926136,10863.34630325,7996.28008042,10660.56185831,7847.01472769,10860.98558436,7994.54240504,8.37834158
2018-04-13,10304.13629023,7602.59852128,10715.34678345,7923.19649294,10185.18741072,7517.14845945,10689.93337483,7868.63448149,16.32238549
2018-04-12,9310.80734424,6854.80077468,10304.19100617,7602.63889180,9280.64936906,6842.88015627,10304.19100617,7602.63889180,14.23211470
2018-04-11,9429.63147057,6949.63892199,9677.42956030,7115.70470828,9302.59464726,6848.75442451,9303.69752322,6849.56638363,23.64394589
2018-04-10,9560.99843035,6984.30625933,9641.66348091,7051.67494529,9298.15668135,6830.47393990,9429.63147057,6949.63892199,14.93245892
2018-04-09,9051.68168062,6581.93067106,9838.95780056,7175.64006018,9048.52167642,6581.37484938,9563.40584325,6986.06487367,16.42170655
2018-04-08,9601.69024395,6975.69126663,9997.47746276,7263.23329054,9057.36483248,6589.34347791,9061.87600981,6589.34347791,16.52980757
2018-04-07,9334.05181789,6781.25018554,9674.40123118,7028.51627824,9288.19428527,6747.93438575,9601.69024395,6975.69126663,5.41986625
2018-04-06,9271.30255971,6728.13974547,9518.66054490,6913.58153938,9224.46327267,6697.19113456,9334.09518807,6781.28169426,19.01549631
2018-04-05,9871.33967739,7220.18251884,10025.23012479,7327.82750784,9151.28533060,6653.88371352,9271.30255971,6728.13974547,14.79150103
2018-04-04,9916.52942959,7200.39080844,10403.75444373,7555.88753905,9864.16400298,7200.39080844,9871.33967739,7220.18251884,25.23749381
2018-04-03,10435.28749167,7523.83985130,10472.50170217,7610.03885655,9916.56074865,7200.41354920,9916.56074865,7200.41354920,319.42589970
2018-04-02,10266.13362939,7426.52145813,10506.94677741,7594.74269211,10110.86528515,7290.03822070,10435.28749167,7523.83985130,5.86267825
2018-04-01,10103.83435928,7315.17326709,10341.69119624,7486.11328404,9945.89847174,7195.35781951,10266.13362939,7426.52145813,2.54716963
2018-03-31,9705.89577441,7028.03770708,10123.24897943,7329.22944669,9705.89577441,7028.03770708,10103.83435928,7315.17326709,4.68209146
2018-03-30,10488.16608332,7583.10233000,10495.78090622,7586.66617482,9641.25859243,6970.53352500,9705.77885558,7027.95304616,12.59955880
2018-03-29,11042.11531311,7955.84438144,11062.13883375,7970.68635249,10431.43859032,7541.25704281,10445.68890817,7552.39069145,11.64443804
2018-03-28,11145.91601210,8098.62288376,11236.41099703,8169.76042389,11040.87606118,7954.31535002,11042.11531311,7955.84438144,11.15088779
2018-03-27,11457.04882115,8362.83987982,11536.57661824,8412.00011888,10977.50409300,8003.12622517,11144.01161103,8097.23914589,11.67703016
2018-03-26,12457.96111058,9028.19497902,12457.96111058,9032.13130937,11350.18860678,8282.42724850,11457.04882115,8362.83987982,5.14541868
2018-03-25,12822.70183939,9271.99236371,12882.81087647,9315.45672401,12457.96111058,9028.19497902,12457.96111058,9028.19497902,8.27199916
2018-03-24,12266.78763271,8870.11148948,12822.70183939,9271.99236371,12216.58554450,8833.81037033,12822.70183939,9271.99236371,10.95721431
2018-03-23,12837.20401373,9266.53813912,12900.90894995,9319.78925031,12223.46923665,8861.15655050,12263.78787827,8867.94236770,19.87627872
2018-03-22,12824.23126135,9269.35152669,13044.34239870,9430.93589583,12497.83479394,9026.48380942,12837.20401373,9266.53813912,8.57574226
2018-03-21,12549.11626509,9007.54049917,12866.61376678,9283.23229367,12549.11626509,9007.54049917,12828.21304598,9272.22955975,10.53297253
2018-03-20,12011.82299158,8694.81907357,12551.30873997,9009.11422005,11876.25106822,8564.91090779,12549.11626509,9007.54049917,14.85324558
2018-03-19,11516.03202725,8320.33341010,12073.75173849,8746.05969268,11416.43917820,8239.03778019,12011.82299158,8694.81907357,18.44056236
2018-03-18,10869.39828458,7844.44073661,11516.04131415,8320.34011988,10718.75077535,7735.71848471,11516.04131415,8320.34011988,9.58208910
2018-03-17,12098.90977867,8731.77872882,12225.86322161,8823.40098181,10812.09960709,7803.08830218,10869.39828458,7844.44073661,61.98355959
2018-03-16,11586.33051805,8427.92389775,12100.67979529,8746.11077408,11392.97284495,8264.00549892,12100.67979529,8733.05614916,9.31549912
2018-03-15,11772.08369246,8606.57002436,11981.81535243,8761.34605395,11290.30410458,8260.66420433,11586.33051805,8427.92389775,12.94335003
2018-03-14,13158.65398783,9640.41386796,13158.65398783,9646.50589064,11772.08369246,8606.57002436,11772.08369246,8606.57002436,17.43450596
2018-03-13,13413.44540487,9791.27917094,13557.11363184,9912.96061526,13129.68038979,9611.64522707,13158.03857156,9639.96299604,9.05051731
2018-03-12,13457.40203859,9829.28512007,13587.88699816,9911.82067987,13327.79840409,9745.53682518,13409.48642629,9788.38927476,5.41044002
2018-03-11,13199.51941328,9613.20685190,13475.98380357,9829.86909800,13038.30522023,9495.79459341,13457.40203859,9829.28512007,7.12771112
2018-03-10,12047.97058953,8774.53411723,13652.54480336,9943.14513584,12047.97058953,8774.53411723,13252.78822040,9652.00251147,8.31656164
2018-03-09,13874.31468558,10074.10162572,13874.31468558,10074.10162572,11952.68613824,8700.40280692,12067.31647418,8788.62372042,26.56928838
2018-03-08,14412.25795103,10493.78440875,14412.25795103,10493.78440875,13871.79687135,10072.27344775,13871.80136032,10072.27670718,17.09777439
2018-03-07,15103.12969715,11003.90134762,15103.12969715,11003.90134762,14006.95807354,10186.18964211,14412.14920593,10493.70522979,29.01387331
2018-03-06,15562.50207957,11247.32924628,15682.63863000,11347.76019300,15057.71062578,10976.52979650,15103.12969715,11003.90134762,33.86553450
2018-03-05,15664.51784195,11327.50911648,15706.51027156,11365.04163638,15496.00431736,11186.88565384,15518.58279901,11215.58791021,15.64810646
2018-03-04,15400.84116536,11143.87928029,15740.66063007,11392.14295748,15290.28064325,11063.87890250,15664.51784195,11327.50911648,7.51614078
2018-03-03,15213.58026160,11008.37934993,15524.24645664,11233.17399178,15085.40529192,10915.63335161,15400.84116536,11143.87928029,2.85973093
2018-03-02,14649.29958228,10634.43003791,15241.72391822,11063.31481801,14648.40240712,10634.43003791,15209.02228528,11005.08124839,10.67609094
2018-03-01,14786.65855403,10653.78788770,14822.41496532,10688.11898961,14451.28630337,10415.34898647,14664.44504872,10645.42465253,10.22010076
2018-02-28,14581.61334325,10548.26334121,15073.75027070,10911.61350409,14560.54135455,10521.04563985,14786.65855403,10653.78788770,15.72803338
2018-02-27,14101.64931485,10281.57976213,14673.92974315,10615.79428432,13946.50025031,10175.38169103,14672.56985771,10614.06081125,15.48021685
2018-02-26,13592.16027712,9900.39287687,14125.78657916,10299.17835664,13590.29410833,9895.32884206,14101.64931485,10281.57976213,12.85796911
2018-02-25,14086.12151282,10270.89489509,14086.15554631,10270.91971061,13531.95116201,9865.45486240,13593.92699126,9901.67973368,4.89096513
2018-02-24,14088.26033909,10273.15854344,14601.57245834,10647.46570816,14037.23693367,10235.25070630,14086.12151282,10270.89489509,7.60271706
2018-02-23,14346.83948225,10528.10594873,14489.40267329,10607.91392761,13880.11433621,10121.21858545,14087.08659082,10272.30264628,8.84781480
2018-02-22,14867.18041679,10875.34246401,14965.25813618,10952.07472886,14333.73488509,10518.48943442,14333.73488509,10518.48943442,17.08585054
2018-02-21,15726.92413571,11548.28216782,15926.49681407,11709.03221102,14865.63530487,10874.21221464,14867.55535488,10875.61673122,31.46117132
2018-02-20,15048.72168462,11093.00984053,15835.78429554,11631.16475960,15047.17248850,11079.64150330,15726.92413571,11548.28216782,23.14779667
2018-02-19,15174.24677396,11210.72764667,15175.89039752,11219.04530788,14549.75980658,10742.03972670,15129.39358120,11152.47629631,17.15945610
2018-02-18,14930.24603659,11031.95967127,15576.31266585,11509.33834149,14930.24603659,11031.95967127,15174.24677396,11210.72764667,14.25237390
2018-02-17,13131.45820490,9706.77284897,14935.03873261,11035.50099464,12590.68574964,9307.03389353,14934.56776183,11035.15299431,9.57968452
2018-02-16,13657.96773270,10098.70082451,14033.28536210,10417.13366671,13110.75033333,9687.53418952,13134.50130306,9709.02230688,25.97276093
2018-02-15,12570.53171321,9258.00740551,13708.24840991,10135.87835533,12570.53171321,9258.00740551,13708.24840991,10135.87835533,16.70795282
2018-02-14,12066.20294831,8782.32483015,12538.96268585,9234.75729201,11905.53320712,8719.88861579,12477.07002029,9189.17427538,10.39418283
2018-02-13,12310.63701535,8942.30370832,12317.92187308,8942.30370832,11965.57002049,8705.85437759,12079.67794517,8792.13253851,13.30905597
2018-02-12,11936.51939096,8647.53371345,12332.93920215,8944.23107133,11921.97652655,8645.61960889,12304.02134123,8937.49815950,22.11262940
2018-02-11,12302.66253632,8924.34988671,12310.10149267,8929.74610472,11331.53504972,8219.89412769,11933.44239300,8645.30455077,15.75746300
2018-02-10,11777.28645067,8543.24213897,12725.21076087,9230.86631669,11692.38753848,8481.65647853,12298.83663299,8921.57457691,13.94177185
2018-02-09,12089.56114073,8736.47559713,12207.56893002,8821.18614026,11618.01932938,8372.99725805,11783.06216190,8547.43183918,22.67262940
2018-02-08,11054.67862797,7984.35196882,12311.53776704,8907.15087633,11054.67862797,7984.35196882,12089.56114073,8736.47559713,34.02606044
2018-02-07,10058.30256806,7374.63574667,11540.87178312,8354.54758773,9888.92321676,7240.47906349,11054.86112244,7984.48377728,50.68069956
2018-02-06,9680.15584205,7044.13490032,10503.28207595,7675.38030656,8656.00671816,6304.14467925,10058.30256806,7374.63574667,58.26833448
2018-02-05,11974.48985346,8718.41477065,11974.48985346,8718.41477065,9682.19348178,7045.61766666,9682.19348178,7045.61766666,37.17643478
2018-02-04,12705.24946015,9278.63885307,13074.63636124,9548.40196658,11972.00045163,8718.36984185,11974.48985346,8718.41477065,12.51216967
2018-02-03,11854.93368428,8657.65988774,12709.61102706,9281.82410373,11232.31801475,8202.95757817,12709.61102706,9281.82410373,15.34082319
2018-02-02,12729.84923469,9417.60293990,13157.87853503,9735.55028048,10211.11596601,7514.61618271,11861.03707109,8662.11719206,67.05518517
2018-02-01,13776.95398227,10154.58128319,14023.97010885,10315.01793614,12690.06337109,9388.16916900,12690.25411432,9388.31028175,37.66018718
2018-01-31,14509.30866789,10640.92725534,14509.77904944,10648.85546871,13764.15312429,10138.97334409,13787.11540279,10162.07096275,28.11166771
2018-01-30,15457.78306561,11321.30612530,15458.38099880,11322.52356028,14510.04049391,10641.46396647,14510.04049391,10641.46396647,24.15566667
2018-01-29,15989.99291031,11760.33104744,16068.11072235,11812.09579027,15457.78306561,11321.30612530,15457.78306561,11321.30612530,9.41961839
2018-01-28,15822.72984592,11629.70829750,16246.52155235,11927.62423709,15770.79847767,11591.53873574,15989.99291031,11760.33104744,7.94414904
2018-01-27,15887.99763838,11677.68013264,16088.83420251,11825.29503089,15516.91084173,11404.93129346,15822.72984592,11629.70829750,3.26199379
2018-01-26,16414.86609748,11990.56386241,16414.86609748,11990.56386241,15679.45532834,11510.82607407,15820.23984081,11627.87814345,9.45516614
2018-01-25,15552.20031193,11393.51995447,16335.84176473,11931.69009465,15533.07270736,11393.51995447,16334.26896915,11931.69009465,12.90913411
2018-01-24,15312.55981116,11260.39431351,15647.22216230,11587.06008595,15252.20051672,11220.58737128,15552.20031193,11393.51995447,22.71931173
2018-01-23,16106.77989520,11789.83682356,16106.77989520,11789.83682356,14940.27763574,10931.04269444,15316.63377398,11263.39018280,25.63940039
2018-01-22,17248.87829091,12551.49415492,17485.18251453,12781.56616559,16010.64193184,11726.93375452,16104.25526013,11787.98884179,16.08312301
2018-01-21,18429.35389052,13411.94519360,19077.20480015,13883.41809195,17251.80813421,12553.62611449,17251.80813421,12553.62611449,8.24054279
2018-01-20,17479.34885561,12720.57991093,18430.56995148,13412.83018083,17327.02217826,12609.72431283,18429.18347413,13411.82117322,10.67708723
2018-01-19,17089.92645054,12481.11316127,17478.95512680,12763.85821591,16657.16306839,12151.18441241,17476.98183029,12718.85731045,14.60304118
2018-01-18,16687.59126411,12124.67568831,17848.52755252,12974.53840455,15711.79338281,11435.66616820,17087.50487300,12479.34463504,64.94457473
2018-01-17,17499.96126136,12723.91320190,17818.20226884,12947.38360809,14257.74632105,10384.09291476,16689.56117732,12126.10696490,94.06457832
2018-01-16,21542.67786159,15723.35435232,21542.67786159,15723.35435232,15170.46779312,11022.86231955,17499.91264069,12723.87785067,84.65632818
2018-01-15,20408.80362691,14803.79192737,21534.17011527,15717.14480349,20380.72945658,14773.72018557,21531.49916037,15715.19535363,29.43735233
2018-01-14,21532.26829560,15618.41712492,21552.73931377,15633.26576494,20293.03788175,14702.47903761,20394.42484821,14793.36209268,15.92340957
2018-01-13,20891.37980616,15161.91830680,21766.86201207,15790.28540941,20891.37980616,15161.91830680,21532.56852925,15618.63489921,10.97798689
2018-01-12,20723.02530957,15063.05301360,21207.57744902,15395.98232319,20168.62889984,14643.40325604,20894.17548264,15163.94726893,27.56981736
2018-01-11,22016.98535946,15860.01609231,22161.86319450,15959.28649732,20446.05748271,14851.73546952,20723.02530957,15063.05301360,41.56698322
2018-01-10,22341.18207687,15968.03565449,22557.02416478,16135.71826637,21788.87909181,15652.75518456,22023.20600744,15864.49715888,32.56486890
2018-01-09,23008.87820281,16508.18576368,23426.62425450,16823.73460141,22057.86848215,15779.81982522,22337.04709593,15965.08023687,19.90027310
2018-01-08,24065.85388048,17249.67808468,24357.79634207,17463.82939572,23009.26474531,16499.58465544,23009.26474531,16508.46309642,36.57331257
2018-01-07,24764.50277860,17752.33174093,24868.67880034,17828.28790619,24013.21350094,17215.00716965,24066.03966924,17249.81125246,16.28716571
2018-01-06,23708.23507680,16995.15059269,24875.87332249,17832.16725627,23708.23507680,16995.15059269,24510.90864751,17570.54383334,20.70018786
2018-01-05,23189.24938096,16597.58492023,23784.77470127,17050.01770701,22955.44225857,16420.06910751,23730.29326273,17010.96291235,24.62608338
2018-01-04,22629.19796421,16046.98249605,23262.42187714,16598.89665967,22597.26595253,16014.75374871,23191.08207247,16598.89665967,29.57999103
2018-01-03,21753.85098877,15442.56665306,22735.87760573,16151.77005892,21749.59400319,15438.61315593,22629.23739002,16047.01045397,21.25065187
2018-01-02,20353.78117137,14420.77252029,21782.57194700,15465.28244379,20105.13988244,14284.58729372,21743.55053644,15435.25459499,13.04095780
2018-01-01,19713.73233914,13998.97341774,20728.10393031,14719.05125532,19704.48342783,13992.40564755,20353.78117137,14420.77252029,10.39661551
2017-12-31,20330.56510864,14438.80906831,20330.56510864,14438.80906831,19247.04317807,13669.28956931,19713.73233914,13998.97341774,10.11719399
2017-12-30,22391.77126183,15870.55869433,22561.90782951,15991.14595614,20330.56510864,14438.80906831,20330.56510864,14438.80906831,13.47209968
2017-12-29,22762.79878934,16135.74961001,22902.16349926,16267.67059677,21918.64083311,15542.76485576,22391.77126183,15870.55869433,12.00822674
2017-12-28,24755.33880289,17492.12056495,25178.75564690,17815.53965916,22662.96194018,16057.69432525,22769.46878912,16140.47773889,14.10729795
2017-12-27,24782.46667420,17423.69222768,25017.70470690,17678.50762387,23822.12589862,16767.20642490,24755.85078655,17492.48233256,25.39824010
2017-12-26,22152.01569650,15566.21482830,24811.04091652,17443.78178577,22152.01569650,15563.84156292,24782.46667420,17423.69222768,8.31377545
2017-12-25,21988.01231868,15422.60806529,23778.00970519,16703.80004987,21636.19916687,15192.93584622,22127.50090606,15548.98829236,6.10705406
2017-12-24,24023.60420536,16866.96698190,24151.68013456,16964.14256935,21218.80601737,14904.09149279,21988.01231868,15422.60806529,11.65840998
2017-12-23,20944.93551482,14710.58822505,24047.42289147,16883.69007594,20779.96833420,14594.72421281,24028.37849186,16870.31900736,20.24751486
2017-12-22,24190.37927709,16979.51770018,24218.16509597,16983.95245253,20137.49543895,14140.54631075,20945.78344729,14711.18376688,78.00007339
2017-12-21,25276.30223294,17703.51673041,25276.30223294,17727.56123407,23644.28925884,16588.11839610,24184.88713149,16975.66269723,47.18963285
2017-12-20,26666.28673475,18599.73183554,26716.43854166,18622.48989230,24117.43861441,16909.22289551,25277.79030212,17704.55897374,76.54947812
2017-12-19,27440.70042027,19188.87159187,27873.72183401,19545.34692617,25653.69515001,17920.53589704,26666.28673475,18599.73183554,64.67055684
2017-12-18,27559.47449168,19289.42350518,27963.60335581,19614.10843546,26970.17822577,18887.99662447,27438.02295684,19186.99928172,49.24383723
2017-12-17,27899.33828963,19503.20747265,28362.91259192,19828.65813193,27417.66956870,19167.83387074,27551.51631905,19283.85342212,34.14263575
2017-12-16,25994.05220844,18171.30528377,28026.51353835,19592.11012817,25994.05220844,18171.30528377,27899.74137539,19503.48925229,26.14661772
2017-12-15,24610.36832954,17185.41135403,25994.35996182,18171.52042070,24610.36832954,17185.41135403,25994.05220844,18171.30528377,23.47000786
2017-12-14,25572.99694827,17943.29331234,25572.99694827,17943.29331234,24595.91919630,17175.32152949,24609.22627613,17184.61385854,21.40339338
2017-12-13,25816.19386470,17899.67070338,26152.18974506,18163.86654812,25319.40337567,17774.59011319,25542.80851126,17922.11159551,34.14965593
2017-12-12,24548.70733369,16959.82853691,25799.79242786,17888.29875908,24394.65629253,16859.21717258,25797.16156926,17886.47465198,31.48459905
2017-12-11,23251.98734230,15909.86912073,24794.75751629,17166.29593218,23031.03632541,15775.54682819,24611.80729118,17003.42205266,62.15032781
2017-12-10,22811.84219249,15605.84381220,24092.25078941,16489.11832825,19926.93126812,13632.24304301,23258.24487428,15914.15075539,41.42012982
2017-12-09,24857.98574105,17004.47086982,25844.12253919,17679.05225515,22592.19089278,15455.57782985,22781.42254363,15585.03338028,30.61971499
2017-12-08,25330.62891572,17297.59240681,25999.60137352,17796.03742805,22827.69877887,15606.15392847,25659.06366604,17552.46001029,85.42379337
2017-12-07,20993.26676457,14439.16908571,25429.82314951,17365.32943107,20993.26676457,14439.16908571,25429.82314951,17365.32943107,86.40818900
2017-12-06,18188.59173749,12499.19545231,21913.15228586,15060.47190424,18188.59173749,12499.19545231,21017.56345993,14455.88035301,65.55799279
2017-12-05,17918.46137061,12299.22729963,18476.02370680,12703.09993936,17807.49659753,12278.26317619,18194.08021290,12502.96713117,26.32951797
2017-12-04,17052.14877955,11707.13789995,17918.52019186,12299.26767453,17052.14877955,11688.44955885,17918.52019186,12299.26767453,33.16246070
2017-12-03,16608.48575386,11437.56335918,17272.18004096,11855.83968216,16378.97289560,11279.50753777,17052.14877955,11707.13789995,18.62284606
2017-12-02,16227.69160651,11175.32649715,16637.77161278,11457.73129452,16186.24799810,11146.78603271,16598.08559811,11430.40121073,13.86053105
2017-12-01,16024.77222526,10935.78350134,16212.43480167,11164.81977940,15159.46011560,10385.11950890,16212.43480167,11164.81977940,29.67468973
2017-11-30,15533.39182409,10697.04420026,16250.05829037,11110.11351060,15211.45205977,10406.65692901,16017.58448861,10930.87837503,46.08789748
2017-11-29,14534.97086442,10024.26301651,15804.11928038,10886.09655405,14534.97086442,10024.26301651,15533.39182409,10697.04420026,75.01787011
2017-11-28,14016.79882660,9697.55591143,14575.81135306,10052.42927867,14016.79882660,9697.55591143,14575.81135306,10052.42927867,51.62693285
2017-11-27,13373.04758390,9191.83081531,14026.61871739,9704.34982644,13313.75332302,9151.11323631,14016.71183656,9697.49572716,72.49791247
2017-11-26,12688.19965332,8729.47759035,13386.73806519,9207.46823385,12655.28525655,8706.83249515,13372.91335427,9191.73855391,39.82234915
2017-11-25,12303.86053576,8464.98832870,12687.82879603,8729.22244065,12087.50008015,8316.13352608,12687.82879603,8729.22244065,24.61635595
2017-11-24,11868.73463896,8178.50940867,12344.11817052,8492.68535983,11796.27996701,8124.20531757,12344.11817052,8492.68535983,41.77813244
2017-11-23,12238.76815540,8418.49652489,12270.92498651,8447.73400697,12013.52680805,8278.28281782,12013.52680805,8278.28281782,28.97488378
2017-11-22,12148.53474387,8301.56473909,12227.58999066,8416.13338342,11953.99213097,8171.06068078,12224.74818081,8408.85281680,24.22070693
2017-11-21,11892.40523675,8101.59017702,12230.73435300,8345.66191608,11822.76920374,8044.15027453,12148.98190526,8301.87030180,37.31405064
2017-11-20,11706.92653817,7968.47612278,11892.40523675,8101.59017702,11651.32153323,7931.83178883,11892.40523675,8101.59017702,32.82742954
2017-11-19,11587.34606877,7899.47579424,11915.80161283,8123.35600050,11573.18436072,7889.82129101,11707.51513209,7968.87675711,14.45533955
2017-11-18,11967.78404100,8158.83290112,11967.78404100,8158.83290112,11510.18924435,7846.87544353,11587.34606877,7899.47579424,11.59140488
2017-11-17,11479.89838756,7863.55810492,11980.58442041,8167.11391846,11436.77671965,7840.64788561,11963.62936006,8156.00051816,22.42297026
2017-11-16,10918.98371000,7506.74687671,11479.89838756,7863.55810492,10918.98371000,7506.68494701,11479.89838756,7863.55810492,24.27016264
2017-11-15,10277.52401187,7067.13609706,10918.78146726,7506.60783584,10273.01193505,7061.41965652,10918.78146726,7506.60783584,24.25317807
2017-11-14,9910.96931800,6838.34405305,10257.35603591,7053.26798731,9898.92435308,6808.09161047,10257.07822594,7053.07695678,29.49526843
2017-11-13,8974.32669428,6211.93937404,9911.53947338,6838.73744734,8789.74651350,6083.80423394,9911.53417050,6838.73378847,33.36319767
2017-11-12,10051.56549824,6965.25916308,10160.70178873,7040.88544711,8918.44397304,6180.05957524,8977.46973905,6214.11495826,47.79003390
2017-11-11,10566.15319660,7321.84408330,10625.68271705,7363.09522351,10047.89212132,6962.71368673,10051.56549824,6965.25916308,16.01352496
2017-11-10,10637.51342868,7382.75295912,10906.07537989,7570.28837136,10441.64954643,7240.28005177,10565.81389841,7321.60896570,27.04115286
2017-11-09,10928.91217196,7604.12331453,10939.20035443,7610.06909003,10442.81118423,7278.02144862,10636.90998833,7382.33415344,35.14837735
2017-11-08,10803.69396182,7470.94861179,11125.03883633,7695.33020379,10726.35045727,7440.93023414,10928.91217196,7604.12331453,37.00890095
2017-11-07,10921.71595616,7580.59779875,10921.71595616,7580.59779875,10627.29012613,7328.82535971,10776.77065660,7452.33066218,20.71600989
2017-11-06,11374.53798193,7858.60566570,11384.27800829,7864.60145896,10770.91097216,7463.16265281,10922.54790911,7581.17524470,32.01309715
2017-11-05,11179.95618359,7723.09766758,11564.28357116,7993.00772129,11179.59697782,7722.84952875,11374.53798193,7858.60566570,21.77156119
2017-11-04,10906.97276789,7534.00066857,11179.91867186,7723.07175453,10700.42812224,7391.32977982,11179.91867186,7723.07175453,11.56247449
2017-11-03,10466.75259610,7235.66596115,10969.47985905,7577.17749468,10435.97022401,7220.46287668,10906.97276789,7534.00066857,38.70674585
2017-11-02,9806.91282422,6757.74892966,10569.42675710,7305.48304310,9806.91282422,6757.55335684,10466.66015823,7235.60205885,47.63448473
2017-11-01,9317.23328812,6425.47871833,9810.05111111,6759.27335855,9317.23328812,6425.47871833,9806.71563794,6757.61305252,29.32450966
2017-10-31,8757.24779381,6023.40497693,9317.84719743,6425.90209092,8750.56763667,5996.06521697,9317.84719743,6425.90209092,18.88662935
2017-10-30,8768.67957664,6019.74910730,8889.57285161,6111.28058788,8744.67304911,6004.82907139,8744.67304911,6014.75582350,33.70013053
2017-10-29,8867.48643692,6102.25127270,8867.55034636,6102.29525263,8425.46660497,5798.07081510,8768.67957664,6019.74910730,26.56332395
2017-10-28,8772.61070419,6036.96156913,8892.13057959,6119.21039094,8771.23445306,6036.01448788,8867.48643692,6102.25127270,5.00215666
2017-10-27,8817.61058764,6026.37464385,8833.45843401,6044.31105403,8752.63776682,5990.86440389,8772.61070419,6036.96156913,22.90691243
2017-10-26,8365.63573648,5757.33737118,8822.40571901,6029.65186479,8365.63573648,5757.33737118,8817.61058764,6026.37464385,24.78255505
2017-10-25,8507.04922897,5874.37272529,8507.04922897,5874.37272529,8267.76394880,5684.17155633,8365.63573648,5757.33737118,14.85169069
2017-10-24,8770.81126737,6125.94195447,8781.79098532,6132.35146244,8504.99099178,5872.95145075,8507.04922897,5874.37272529,25.68963875
2017-10-23,8956.97124829,6220.81012355,9002.13234368,6278.52827399,8770.58245503,6119.12780061,8770.81126737,6125.94195447,19.62835017
2017-10-22,9114.01578777,6347.02864847,9130.21036631,6358.27117946,8906.10595758,6202.20504888,8956.97124829,6220.81012355,11.00522038
2017-10-21,8590.63437718,5983.79436296,9113.52432314,6346.68639099,8590.63437718,5983.79436296,9112.39463004,6345.89966924,22.52302100
2017-10-20,8248.35048631,5796.04418966,8590.65097783,5983.80592612,8214.01689376,5732.88262325,8590.65097783,5983.80592612,33.71166097
2017-10-19,7991.68383819,5722.31212766,8251.34446937,5799.86790361,7984.80888737,5692.69295307,8248.35048631,5796.04418966,24.57001266
2017-10-18,8148.90430155,5845.18317362,8157.50076268,5849.36767789,7945.08490055,5662.67747035,7991.68383819,5722.31212766,18.86648270
2017-10-17,8043.90656268,5781.47617858,8246.45146699,5920.85263729,8026.81986239,5768.90504228,8147.98124865,5844.52107070,23.33680426
2017-10-16,8057.34530118,5781.49877780,8077.50989953,5797.52775456,7901.18092927,5674.81677358,8044.13753055,5781.64218438,29.61494542
2017-10-15,8220.96564369,5905.01770126,8279.92530586,5947.04731886,8068.83387340,5789.74233243,8068.83387340,5789.74233243,14.34514528
2017-10-14,7963.53991027,5707.81243569,8220.96564369,5905.01770126,7949.80842634,5697.97048906,8220.96564369,5905.01770126,8.36639363
2017-10-13,7434.21409847,5303.33057151,7963.53991027,5707.81243569,7434.21409847,5303.33057151,7963.53991027,5707.81243569,31.68682145
2017-10-12,6897.93611424,4892.01449196,7434.21409847,5303.33057151,6897.93611424,4892.01449196,7434.21409847,5303.33057151,22.68796751
2017-10-11,6981.15616604,4937.53857506,6981.42973638,4940.22162475,6863.87474020,4851.76179295,6897.93611424,4892.01449196,20.46814976
2017-10-10,6693.47578077,4726.99085938,6981.26988376,4937.61900380,6693.47578077,4726.99085938,6981.15616604,4937.53857506,22.84928513
2017-10-09,6511.50509265,4599.25460748,6693.47578077,4726.99085938,6481.98615683,4586.13357183,6693.47578077,4726.99085938,22.55094926
2017-10-08,6339.29737481,4494.36183964,6482.61687437,4581.03693341,6333.53930482,4491.13925020,6479.90718722,4576.93614039,8.12360013
2017-10-07,6291.79877858,4460.90505568,6369.79178374,4516.20234080,6284.05247718,4455.41290370,6335.60765372,4491.74594380,5.99769979
2017-10-06,6135.23820888,4364.01531357,6299.52921450,4468.48328663,6128.27059118,4352.17126059,6291.79877858,4460.90505568,10.81791676
2017-10-05,6168.88455162,4418.33874203,6187.53242409,4429.27394136,6007.09943001,4300.09193469,6135.23820888,4364.01531357,16.02039952
2017-10-04,6076.78005391,4350.15548873,6168.88455162,4418.33874203,6070.79123979,4348.06270693,6168.88455162,4418.33874203,14.43024599
2017-10-03,6088.05310597,4379.47212712,6172.77591142,4432.43412962,6077.59690277,4350.74024241,6077.59690277,4350.74024241,14.72888929
2017-10-02,11508.16466123,8315.11182844,11508.16466123,8315.11182844,6029.44547277,4338.21176524,6088.22523528,4379.59594922,32.95397322
2017-10-01,7271.05583712,5242.06295122,13641.81525033,9857.14479284,7271.05583712,5242.06295122,10972.53758709,7928.09972434,21.73246125
2017-09-30,5566.31026082,4013.02774273,7320.97985936,5278.05564241,5557.84470455,4006.92450546,7271.05583712,5242.06295122,16.34356918
2017-09-29,5878.71086858,4249.42578144,5909.35405643,4262.65288362,5531.06793409,3990.61165288,5566.31026082,4013.02774273,29.43293695
2017-09-28,5584.20272480,4021.18442395,5917.54633605,4280.05969691,5584.20272480,4021.18442395,5878.71086858,4249.42578144,18.06826615
2017-09-27,5312.60201979,3830.72453909,5584.20272480,4021.18442395,5274.03808680,3787.49266550,5584.20272480,4021.18442395,38.52075411
2017-09-26,5228.62850102,3796.72981761,5431.58930135,3928.24004963,5224.05717072,3796.28831845,5312.60201979,3830.72453909,24.99631543
2017-09-25,5044.50924804,3679.84311039,5242.04358291,3806.47107986,5044.48127993,3673.69583456,5229.00845141,3797.00571577,23.62511012
2017-09-24,5369.79110154,3941.15711703,5454.78775293,4003.54039251,5044.50924804,3679.84311039,5044.50924804,3679.84311039,10.07159575
2017-09-23,4957.56962999,3638.60724951,5369.79110154,3941.15711703,4928.84511401,3617.52489668,5369.79110154,3941.15711703,5.93205015
2017-09-22,5147.69225145,3758.38056642,5199.24715351,3788.83454862,4957.56962999,3638.60724951,4957.56962999,3638.60724951,30.10537900
2017-09-21,5414.18838100,3976.05956465,5416.23153827,3976.05956465,5142.66421190,3756.58830999,5148.76135002,3759.16112576,34.15442816
2017-09-20,5435.32943563,3980.71315674,5446.46844272,4016.44621730,5346.20100596,3908.28451034,5415.11537061,3976.74032520,21.23214946
2017-09-19,5412.91432891,3930.88442226,5699.45502339,4160.58132229,5405.49806846,3930.88442226,5435.14481697,3980.57794619,43.36765494
2017-09-18,4938.28242535,3602.17462133,5412.38396350,3930.49926835,4937.44555821,3598.58224005,5412.38396350,3930.49926835,61.31213257
2017-09-17,5246.53867777,3824.98354374,5247.70343341,3825.83270762,4933.94112106,3599.00790570,4938.28242535,3602.17462133,42.93386070
2017-09-16,4885.54125159,3561.09517355,5349.07169193,3899.73513063,4885.54125159,3561.09517355,5247.28058218,3825.52442838,50.10149655
2017-09-15,5006.54694967,3618.80688530,5067.47244021,3666.36407588,4514.87768645,3284.32609218,4882.41746855,3558.81823264,72.66231129
2017-09-14,5576.09060250,4041.04946908,5608.90476794,4069.31577014,5006.54694967,3618.80688530,5006.54694967,3618.80688530,59.59475880
2017-09-13,6011.64925026,4378.88546802,6014.24083223,4378.88546802,5545.55850277,4020.26859705,5577.91043497,4042.36832014,41.76477105
2017-09-12,5896.04205736,4280.48758977,6171.15013582,4505.43260761,5884.72794701,4260.68456773,6011.64925026,4378.88546802,25.45843854
2017-09-11,5874.95019433,4260.17697421,6001.64222952,4353.35508097,5871.71324838,4243.95340702,5896.45984907,4280.79090379,39.76810784
2017-09-10,6127.48321381,4449.16481365,6127.48321381,4449.16481365,5871.68850679,4256.09273062,5876.78120077,4261.50471507,20.48870006
2017-09-09,6333.24599333,4599.51427975,6333.24599333,4599.51427975,6099.55645690,4429.79746140,6127.48321381,4449.16481365,16.04729571
2017-09-08,6681.14659503,4839.15230503,6789.17995610,4952.16884710,6288.06871086,4566.70431847,6333.24599333,4599.51427975,31.91569982
2017-09-07,6612.49795962,4761.46096401,6723.57202212,4846.98081544,6610.01867539,4760.89956647,6681.14659503,4839.15230503,17.60104248
2017-09-06,6260.67733224,4540.96422835,6631.24646204,4774.96119690,6252.17753545,4530.11042044,6608.35827749,4758.48010338,23.83508768
2017-09-05,6616.57320803,4739.71654998,6616.57320803,4741.12141068,6208.95133933,4489.79797197,6260.67733224,4540.96422835,36.17825662
2017-09-04,6707.60635406,4809.35423680,6707.60635406,4809.35423680,6540.38974503,4687.20774971,6622.52435996,4743.97959861,27.98926104
2017-09-03,6662.74326225,4767.27480127,6921.47182519,4952.31322959,6655.29049158,4761.86048006,6707.60635406,4809.35423680,28.41855607
2017-09-02,6846.16153028,4898.28852305,6897.20177872,4934.80677668,6664.33966710,4768.41704858,6664.33966710,4768.41704858,24.73222295
2017-09-01,6652.64994649,4776.08711163,6848.39211582,4899.88446137,6652.64994649,4776.08711163,6846.16153028,4898.28852305,32.88175183
2017-08-31,6559.90066364,4726.73554425,6661.69607043,4780.77822160,6523.91461548,4675.11369964,6652.67161262,4776.10266623,32.95891225
2017-08-30,6323.29252042,4589.40582204,6560.58075785,4727.22558604,6323.29252042,4589.40582204,6560.58075785,4727.22558604,45.68582080
2017-08-29,6048.71876554,4378.74444979,6324.55888175,4590.32493911,6039.89063839,4367.44361694,6323.92955643,4589.86817876,26.25288410
2017-08-28,6317.42426261,4581.37597583,6371.34480688,4616.26088388,5983.16499822,4331.28297289,6048.71876554,4378.74444979,17.07060585
2017-08-27,6275.19037145,4543.78217404,6329.83533465,4592.37800292,6098.19521804,4415.09164247,6317.42426261,4581.37597583,9.21252806
2017-08-26,6202.20014811,4489.46157740,6396.36244929,4630.00592781,6198.60801812,4486.86141469,6279.19145634,4546.67930657,12.16524021
2017-08-25,6090.08776898,4387.14661574,6202.20014811,4489.46157740,6055.71417175,4365.60235922,6202.20014811,4489.46157740,16.42454345
2017-08-24,6017.65018187,4351.96575348,6095.57428373,4390.03321111,5918.58390193,4267.53173256,6090.08776898,4387.14661574,23.65951303
2017-08-23,5581.99208802,4063.35411942,6047.07934331,4371.97787890,5573.13841995,4036.78900348,6042.14544993,4369.68073599,20.69262980
2017-08-22,5735.47994769,4201.06585173,5735.47994769,4201.06585173,5500.60287236,4011.13286214,5559.61427616,4047.78042920,23.13427804
2017-08-21,6058.01665693,4426.16813616,6063.72111043,4433.50689351,5732.62970297,4198.97813355,5735.47994769,4201.06585173,26.57680348
2017-08-20,5915.56387245,4327.23496837,6091.20483799,4455.04500826,5783.15219486,4229.79723024,6058.01665693,4426.16813616,8.17616718
2017-08-19,6009.79684341,4396.46547591,6101.70539134,4463.70115266,5830.18766156,4265.07242091,5917.04412203,4328.31777093,21.45795386
2017-08-18,6157.00461589,4486.39299658,6170.98677607,4496.79756503,5835.42554018,4269.03847940,5868.72976811,4293.26788995,35.78585432
2017-08-17,6152.50177850,4498.88654218,6315.29536191,4613.07604826,6081.97536274,4452.15659089,6157.00461589,4486.39299658,54.82625910
2017-08-16,6122.46028684,4431.45319808,6191.46029481,4507.19862163,5980.92389413,4328.42605262,6152.50177850,4498.88654218,25.79694341
2017-08-15,6051.75050005,4411.81653031,6285.24956393,4581.46636377,5772.06609010,4201.72266480,6121.63262576,4430.85413477,43.72155040
2017-08-14,5839.68793205,4274.60844401,6051.57772544,4411.69057503,5764.55431666,4212.15893062,6051.45336710,4411.59991595,38.36330349
2017-08-13,5194.92363416,3802.68470864,5858.08940781,4288.12213262,5193.69080608,3801.78227833,5839.07822237,4274.16214103,33.71993212
2017-08-12,5055.53771710,3697.00623130,5291.08004807,3873.07121488,5038.36618617,3684.44905926,5193.74888912,3801.82479513,30.86580573
2017-08-11,4890.79678629,3555.12806283,5060.37089742,3700.54063234,4889.61840897,3555.12806283,5055.65845554,3697.09452473,23.16514068
2017-08-10,4868.70341856,3579.70262069,4898.29258595,3601.37060503,4723.35398678,3435.28061597,4890.79678629,3555.12806283,25.54553856
2017-08-09,4842.54922080,3552.00859427,4872.97275633,3585.49269043,4807.53880749,3520.19473675,4868.70341856,3579.70262069,33.25316074
2017-08-08,4599.60805798,3384.39151769,4848.05425507,3559.45348379,4599.60805798,3384.39151769,4848.05425507,3556.04653548,26.67430222
2017-08-07,4482.89319246,3322.14551571,4599.60805798,3384.39151769,4367.87602002,3233.30339286,4599.60805798,3384.39151769,32.69704917
2017-08-06,4315.60858021,3201.87959085,4555.27161866,3373.27578396,4315.60858021,3201.87959085,4482.89319246,3322.14551571,10.11607390
2017-08-05,3751.41541343,2783.28773933,4315.60858021,3201.87959085,3744.62735641,2778.25147601,4315.60858021,3201.87959085,9.66390326
2017-08-04,3790.02372367,2823.37811253,3795.95583424,2825.52607742,3738.24768119,2775.50977420,3751.41541343,2783.28773933,32.46466512
2017-08-03,3756.91677268,2782.37163198,3861.69270659,2859.44374449,3755.38922263,2782.37163198,3790.22402382,2823.52732612,28.45900774
2017-08-02,3801.31375489,2823.74884667,3920.77875788,2911.50540814,3688.97623943,2740.17033840,3760.86921321,2785.29880846,24.95244617
2017-08-01,3728.45972366,2798.45482768,3924.35481014,2943.07039343,3687.11232032,2769.38931855,3801.31375489,2823.74884667,18.13171759
2017-07-31,3551.32885717,2669.26693067,3728.45972366,2798.45482768,3528.57378161,2645.16488680,3728.45972366,2798.45482768,25.50956978
2017-07-30,3867.43708605,2906.37894692,3867.91650652,2906.59998841,3551.32885717,2668.82618537,3551.32885717,2669.26693067,44.89418689
2017-07-29,3714.60113696,2790.70272178,3939.75519076,2959.85628836,3712.13529172,2788.85018344,3867.43708605,2906.37894692,14.77314893
2017-07-28,3124.81260554,2342.78069548,3714.60113696,2790.70272178,3121.92115183,2342.31103242,3714.60113696,2790.70272178,16.18412121
2017-07-27,3562.42251396,2677.82458493,3564.06557631,2682.34215664,3124.81260554,2342.78069548,3124.81260554,2342.78069548,48.03805565
2017-07-26,3684.99705440,2735.48340848,3684.99705440,2735.48340848,3561.29808828,2649.72891486,3562.61391643,2677.96845956,27.53689563
2017-07-25,3745.66617486,2785.13454370,3826.76908087,2847.26240878,3706.78315477,2747.61884780,3711.73529643,2755.33200439,25.17965926
2017-07-24,3856.65634120,2874.98217695,3924.75724659,2920.41271265,3713.12827266,2761.04093367,3745.66617486,2785.13454370,13.23813926
2017-07-23,3855.21116298,2874.05911439,3889.01156994,2899.64641414,3788.03375025,2824.35736768,3856.65634120,2874.98217695,11.92116116
2017-07-22,3694.11835948,2753.87207763,3859.09451303,2876.85763968,3684.70405425,2746.85395050,3855.21116298,2874.05911439,9.41045744
2017-07-21,3526.51982633,2611.63526501,3755.95414841,2794.53970666,3509.45585301,2597.59389464,3694.59522743,2754.22757066,24.89704314
2017-07-20,3329.39861939,2451.66918092,3538.47429394,2619.58629257,3278.82357005,2408.29482967,3526.51982633,2611.63526501,20.83548086
2017-07-19,3340.59078690,2454.23967429,3384.85572064,2485.09300638,3316.18778116,2443.03489464,3329.39861939,2451.66918092,34.43378005
2017-07-18,3090.79291809,2248.34648395,3341.54061469,2454.93748650,3090.79291809,2248.34648395,3341.54061469,2454.93748650,20.60645652
2017-07-17,2868.27638578,2110.88930363,3036.97955668,2212.18723267,2861.10588408,2097.00843543,3036.97955668,2209.20083908,33.47241731
2017-07-16,3036.06477621,2230.29327159,3036.06477621,2230.29327159,2851.69648730,2095.30573746,2868.85384375,2111.31428006,20.55372506
2017-07-15,3412.87036206,2507.09466575,3423.18271089,2514.67011749,3036.06477621,2230.29327159,3036.06477621,2230.29327159,15.96865922
2017-07-14,3424.91672504,2508.35777672,3424.94731505,2508.35777672,3278.95976558,2408.72393773,3412.87036206,2507.09466575,34.44100975
2017-07-13,3286.49497272,2382.14125052,3504.19233057,2565.61806796,3286.49497272,2382.14125052,3424.91672504,2508.35777672,19.51038350
2017-07-12,3374.74701965,2436.56655874,3374.74701965,2436.93956634,3270.08248527,2366.32927566,3287.56525359,2382.91701930,16.77475776
2017-07-11,3375.80412183,2449.02818274,3522.86053187,2551.67477077,3348.08550213,2419.29249939,3374.74701965,2436.56655874,23.57053481
2017-07-10,3483.52643075,2533.28952858,3483.53637002,2535.27873948,3309.10635460,2407.32486682,3375.80412183,2449.02818274,52.60513148
2017-07-09,3693.28066285,2689.64109009,3749.06658778,2730.06851467,3482.48925419,2532.53527321,3483.52643075,2533.28952858,20.45328070
2017-07-08,3606.43196890,2626.48894392,3693.28066285,2689.64109009,3517.92635842,2561.93886933,3693.28066285,2689.64109009,16.83672134
2017-07-07,3666.08856753,2668.53632028,3743.20683182,2725.08851976,3600.76882946,2619.88418907,3606.43196890,2626.48894392,21.79954863
2017-07-06,3621.22729892,2637.06241888,3694.07767765,2687.38519636,3611.91789715,2629.32532483,3666.08856753,2668.53632028,9.38319654
2017-07-05,3735.06294611,2721.36725169,3781.24276825,2755.41740199,3593.86908411,2619.06204730,3621.22729892,2637.06241888,23.07096509
2017-07-04,3647.60659940,2658.33994667,3735.98099363,2721.40591606,3627.36952051,2637.88844863,3733.39218892,2720.14993783,21.05223400
2017-07-03,3500.23193645,2569.58106598,3659.69261016,2669.36977171,3499.91733914,2566.62367285,3647.60659940,2658.33994667,13.81920657
2017-07-02,3563.72615816,2613.20824423,3563.72615816,2613.20824423,3445.19515024,2525.67142784,3500.23193645,2569.58106598,12.83391682
2017-07-01,3560.10030896,2611.43991837,3615.73993069,2651.34889062,3557.42969094,2609.48094028,3563.72615816,2613.20824423,11.93796297
2017-06-30,3644.38712292,2662.88110295,3644.93929770,2664.26376848,3549.66181743,2603.78297304,3560.10030896,2611.43991837,23.49938867
2017-06-29,3744.39484855,2736.49662216,3758.01653214,2747.80692166,3635.34863945,2654.34901995,3644.38712292,2662.88110295,37.32842995
2017-06-28,3611.18772107,2625.07739691,3744.39484855,2736.49662216,3586.25695395,2606.96965776,3744.39484855,2736.49662216,22.78606242
2017-06-27,3612.67819786,2630.68158990,3647.55122655,2665.49882789,3480.85561686,2531.17975384,3611.18772107,2625.07739691,34.34384955
2017-06-26,3705.38628666,2697.91083818,3705.38628666,2699.04081985,3558.05257920,2589.03973310,3612.67819786,2630.68158990,31.70607727
2017-06-25,3897.19251266,2839.69142572,3900.16110678,2841.85449343,3664.61321839,2668.26455551,3705.15231066,2697.74047905,40.69719606
2017-06-24,4097.58594627,2983.65591306,4138.02838229,3013.10406008,3890.81325045,2835.04317287,3897.19251266,2839.69142572,15.11802065
2017-06-23,3964.72760863,2880.77119048,4098.22874351,2984.12396567,3944.28172210,2860.96563902,4097.58594627,2983.65591306,24.41975783
2017-06-22,3965.62371001,2871.74668154,3992.72554964,2895.54492702,3944.49900847,2862.55064787,3963.92074933,2880.18492648,32.41837686
2017-06-21,3852.18748520,2788.26401027,4024.51172608,2912.31215548,3847.96153317,2782.64728232,3965.62371001,2871.74668154,38.48888531
2017-06-20,3686.56882849,2662.24579764,3852.51123570,2789.82040145,3678.54584146,2657.82242735,3852.18748520,2788.26401027,27.67345620
2017-06-19,3747.40120777,2719.26385847,3801.09345469,2771.23025858,3671.43894170,2653.71525715,3686.56882849,2662.24579764,35.47779695
2017-06-18,3714.07373204,2692.72365116,3881.62598305,2815.61254762,3713.82611267,2692.72365116,3747.40120777,2719.26385847,17.21540367
2017-06-17,3778.40318796,2739.46216274,3833.89580140,2779.69606771,3651.46976314,2647.33543329,3715.82171729,2693.99094997,24.79880610
2017-06-16,3655.50730733,2632.01432202,3777.92744355,2739.11723295,3619.62460677,2610.44179559,3777.92744355,2739.11723295,14.27939824
2017-06-15,3896.12119091,2823.32532661,3929.19490034,2851.01511155,3603.08769670,2597.46581795,3655.50730733,2632.01432202,58.46906997
2017-06-14,4042.93627619,2911.76295599,4113.10020750,2971.65238129,3900.68344347,2826.63136422,3900.68344347,2826.63136422,42.77587677
2017-06-13,4249.08119423,3059.69950439,4249.67627066,3066.38840652,4039.75561803,2911.24569503,4042.93627619,2911.76295599,43.85338427
2017-06-12,4285.16846082,3088.46312355,4358.72532328,3134.63693081,4206.34649991,3029.44608046,4249.08119423,3059.69950439,90.92254740
2017-06-11,4184.29784848,3017.71544657,4294.04771752,3097.72493426,4178.44754363,3014.33099814,4288.22914075,3090.66905716,35.57252965
2017-06-10,4203.04947902,3031.86885790,4231.66646508,3052.51171478,4120.12372706,2972.05038416,4184.29784848,3017.71544657,32.04581690
2017-06-09,4017.02133320,2890.30729279,4210.87778180,3037.51580247,4017.02133320,2890.30729279,4203.77479805,3032.39206663,32.64162601
2017-06-08,4135.23204591,2973.47895198,4169.09826157,3001.18868572,4014.68821510,2888.71750378,4017.04426639,2890.32379356,25.91497798
2017-06-07,4185.33112042,3005.44464525,4233.54383883,3035.76108918,4134.78440701,2973.15707286,4134.78440701,2973.15707286,51.49141489
2017-06-06,3934.59457817,2805.77913011,4185.57372697,3005.61885861,3914.55998608,2794.04668123,4185.55712751,3005.60693870,57.60702342
2017-06-05,3916.50128005,2796.34242960,3983.33156725,2842.08617821,3812.14441086,2714.13738932,3934.59457817,2805.77913011,14.32903374
2017-06-04,3966.58657312,2833.33279032,3980.90709026,2843.96009809,3905.77940513,2788.68711900,3919.18280767,2798.25701329,20.33534730
2017-06-03,3800.24513566,2714.70319540,3982.23116300,2844.50772087,3789.31914750,2706.89822127,3966.58657312,2833.33279032,13.90063343
2017-06-02,3931.03012233,2777.08083238,3943.51836080,2785.16925346,3777.98281587,2686.20730447,3800.24513566,2714.70319540,26.73817430
2017-06-01,3655.93810342,2588.21246314,3947.27103556,2792.66177900,3650.00809763,2583.78568192,3931.03012233,2777.08083238,37.05374058
2017-05-31,3941.74300686,2794.06432215,3941.89560679,2794.06432215,3645.65926180,2580.45796087,3655.93810342,2588.21246314,46.52389660
2017-05-30,3745.19817559,2640.14827444,3959.42061853,2808.42238858,3738.78784138,2636.40621814,3941.74300686,2794.06432215,29.69459108
2017-05-29,3665.76078792,2585.09347981,3747.47543336,2642.56395142,3665.76078792,2585.09347981,3740.33275401,2636.71843340,25.27321585
2017-05-28,3224.92308905,2278.13159724,3690.16530760,2604.72083274,3182.98005376,2248.50243979,3665.76078792,2585.09347981,18.32166448
2017-05-27,3996.56612292,2823.05373774,4010.85680927,2833.14824744,3023.10475323,2135.42999432,3224.92308905,2278.13159724,41.26625280
2017-05-26,3871.78077941,2717.98900908,4188.57820352,2958.62258225,3811.12479203,2674.27273323,3966.32643639,2801.69333546,45.46446942
2017-05-25,3992.91663829,2812.90952943,4244.70681327,2983.45862846,3871.92281860,2718.08872055,3871.92281860,2718.08872055,75.26882631
2017-05-24,3713.78681781,2604.92496404,3992.91663829,2812.90952943,3713.12806726,2602.03002305,3992.91663829,2812.90952943,59.04725244
2017-05-23,3366.74439325,2357.12272899,3712.58783898,2604.08397611,3366.53285023,2357.12272899,3712.58783898,2604.08397611,51.09717910
2017-05-22,3186.63094522,2209.57775690,3453.19886900,2416.59274584,3178.58866069,2200.55748718,3366.74439325,2357.12272899,77.81928893
2017-05-21,3218.08723178,2228.36078786,3293.41811460,2281.34976320,3186.63094522,2209.57775690,3186.63094522,2209.57775690,48.24357045
2017-05-20,3040.75403089,2106.78620930,3215.00553331,2226.22686931,3040.75403089,2106.78620930,3215.00553331,2226.22686931,19.62069138
2017-05-19,2814.91751701,1940.93022376,3040.95017422,2106.92210719,2814.91751701,1940.93022376,3040.95017422,2106.92210719,22.91035181
2017-05-18,2687.86508319,1866.24638132,2827.86639991,1949.99717272,2687.05096843,1862.85886802,2817.17296716,1942.48539237,31.72907211
2017-05-17,2745.13719431,1891.45010425,2755.42775006,1897.00206611,2638.49834544,1823.11921517,2687.86508319,1866.24638132,69.11121722
2017-05-16,2707.48497479,1864.79392435,2745.13719431,1891.45010425,2677.43134522,1846.03200155,2745.13719431,1891.45010425,39.62673721
2017-05-15,2777.73042844,1906.72637842,2777.73042844,1908.06627568,2693.03679129,1853.18208369,2707.48497479,1864.79392435,34.48607300
2017-05-14,2560.36319696,1756.92132027,2862.86804908,1964.50150901,2553.11284498,1751.94612848,2777.73042844,1906.72637842,21.73695222
2017-05-13,2814.16621739,1931.08096227,2814.16621739,1931.08096227,2556.64900697,1754.37264297,2560.36319696,1756.92132027,15.15833963
2017-05-12,2749.26598704,1880.68999872,2842.67643088,1945.91248647,2748.06547406,1880.36398960,2814.16621739,1931.08096227,27.90131377
2017-05-11,2668.07966291,1821.37765419,2775.22729932,1899.80353144,2663.68554931,1819.29589233,2749.26598704,1880.68999872,55.41940215
2017-05-10,2647.43240438,1824.66276779,2677.48166017,1854.99274492,2627.34682694,1809.06325163,2668.49054455,1821.65814455,45.62084023
2017-05-09,2474.32791428,1713.71930607,2647.67892352,1827.86004614,2469.82723180,1708.70989419,2647.43240438,1824.66276779,45.11955570
2017-05-08,2385.86449929,1646.70595194,2472.00385927,1712.07967114,2379.95787979,1643.01594015,2471.96055199,1712.07967114,55.91560048
2017-05-07,2376.47264059,1644.28092279,2450.27643485,1695.34575260,2369.13967030,1639.20724218,2385.86449929,1646.70595194,24.37885899
2017-05-06,2356.60106281,1630.53178228,2434.63091859,1684.52062317,2342.06964697,1620.47749871,2376.47264059,1644.28092279,10.38330286
2017-05-05,2278.52991193,1566.34119731,2383.84746987,1642.28851417,2276.84811024,1564.62684235,2356.63475021,1630.55509059,48.69047028
2017-05-04,2243.82925881,1544.73480641,2288.11107877,1573.81674415,2243.05670980,1544.38901770,2278.53497389,1566.34467708,63.62185405
2017-05-03,2121.69917184,1477.73792679,2242.17949342,1543.59904708,2121.69917184,1475.01672370,2242.17949342,1543.59904708,32.73952220
2017-05-02,2035.20881044,1408.12060470,2124.68901291,1480.05843980,2032.86725185,1406.52096279,2121.69917184,1477.73792679,34.17865308
2017-05-01,1912.47563061,1314.87441370,2058.85091020,1422.04790431,1912.18604426,1312.21244455,2035.20881044,1408.12060470,65.85968779
2017-04-30,1967.46066389,1351.55640853,1967.46066389,1351.55640853,1871.02367531,1284.64492844,1912.47563061,1314.87441370,14.15701682
2017-04-29,1940.14597861,1332.00736161,2040.93864142,1402.03245272,1934.14784621,1327.88934338,1967.46066389,1351.55640853,34.78733358
2017-04-28,1884.18337492,1297.35477955,1941.27248266,1334.11986746,1884.18337492,1297.28638607,1940.14597861,1332.00736161,17.43113197
2017-04-27,1812.20997472,1250.05344168,1884.25208909,1297.40209270,1799.57029065,1241.94812649,1884.25208909,1297.40209270,46.92270464
2017-04-26,1793.06948697,1245.41200978,1859.35366551,1279.04557290,1780.54266091,1228.82607490,1812.14658441,1250.00971536,101.57010819
2017-04-25,1774.42077892,1244.22353614,1819.75064730,1264.89014265,1773.72362949,1238.14274927,1793.06948697,1245.41200978,34.64579283
2017-04-24,1756.36449871,1236.12863677,1785.59008232,1253.35515166,1756.36449871,1234.52226613,1774.42077892,1244.22353614,62.19529095
2017-04-23,1765.84229284,1241.67790055,1786.51274455,1256.27535092,1755.80096218,1233.62570545,1756.36449871,1236.12863677,41.84625089
2017-04-22,1765.50975774,1241.44407361,1767.56459873,1242.88896519,1748.15443397,1229.24042323,1765.84229284,1241.67790055,14.43541842
2017-04-21,1828.05544564,1277.73766608,1828.05544564,1277.73766608,1765.32742183,1240.59792183,1765.50975774,1241.44407361,50.89543567
2017-04-20,1735.95542611,1222.47713333,1829.38767228,1282.12261074,1730.62554556,1218.02300145,1828.05544564,1277.73766608,19.90679740
2017-04-19,1755.71821770,1237.50017106,1781.22527987,1254.55274609,1735.50900290,1215.59355953,1735.95542611,1222.47713333,29.43069049
2017-04-18,1815.22561775,1272.78054855,1817.80913701,1275.09896523,1731.81315568,1213.65095058,1755.71821770,1237.50017106,34.42393239
2017-04-17,1758.27002548,1233.28345696,1808.54214087,1268.09429947,1747.67926528,1227.73997854,1808.54214087,1268.09429947,10.06996103
2017-04-16,1794.67000000,1255.69276259,1800.98000000,1260.14564955,1760.35792179,1233.80118658,1765.37711338,1238.26850124,8.64354633
2017-04-15,1763.32900266,1235.30780093,1807.56194595,1266.29538170,1761.48166972,1234.01364380,1795.05000000,1255.95864058,13.45848823
2017-04-14,1812.07926084,1268.50647655,1838.42019433,1285.73620201,1725.14990879,1206.06117784,1763.32900266,1235.30780093,13.21752058
2017-04-13,1777.03941945,1242.17674549,1813.90420829,1270.06405150,1762.01714144,1231.57269811,1812.07926084,1268.50647655,16.39696859
2017-04-12,1773.82324529,1234.10393338,1783.75653229,1243.31077154,1760.74796780,1222.47049150,1777.03941945,1242.17674549,22.04863418
2017-04-11,1741.53444707,1212.10764547,1775.54002356,1235.27342622,1732.56527521,1203.93802492,1773.82324529,1234.10393338,43.81076266
2017-04-10,1724.13822036,1196.33787616,1800.55403971,1253.73675431,1722.23527494,1195.33430428,1741.53444707,1212.10764547,50.82241982
2017-04-09,1833.45044876,1271.77312145,1837.90593752,1274.86367176,1720.67324485,1193.79693609,1724.13822036,1196.33787616,14.06113819
2017-04-08,1738.43055975,1205.44364993,1833.45044876,1271.77312145,1727.95982481,1198.18314656,1833.45044876,1271.77312145,9.73979036
2017-04-07,1678.47421099,1169.90486648,1738.73605740,1205.65548479,1673.68613878,1166.58381865,1738.43055975,1205.44364993,15.37186992
2017-04-06,1656.27829380,1155.66501240,1740.06055445,1212.71505216,1627.28924069,1135.40864354,1678.47421099,1169.90486648,43.57435731
2017-04-05,1671.80317852,1165.99061833,1715.31458373,1197.60702914,1643.05659098,1143.05473185,1656.27829380,1155.66501240,24.55308404
2017-04-04,1623.88800159,1140.03934361,1674.70146036,1168.07066613,1623.77950797,1138.64191097,1671.80317852,1165.99061833,43.56855587
2017-04-03,1617.40091806,1132.86772692,1641.42645059,1151.42249004,1611.80153798,1129.76875298,1623.88800159,1140.03934361,73.81450538
2017-04-02,1630.27903217,1142.09186463,1640.46465638,1149.30791774,1607.42917933,1125.59550955,1617.40091806,1132.86772692,16.17000356
2017-04-01,1552.24224345,1087.42319763,1630.27903217,1142.09186463,1550.89695555,1086.48075628,1630.27903217,1142.09186463,23.80839355
2017-03-31,1567.74579166,1097.47692801,1588.49852728,1110.59038388,1549.02310039,1085.16802717,1552.24224345,1087.42319763,41.10412253
2017-03-30,1576.50844592,1109.02072266,1576.50844592,1109.02072266,1543.09580045,1083.17981666,1567.74579166,1097.47692801,28.10906615
2017-03-29,1575.11920135,1102.85551540,1608.81615828,1127.21714286,1564.53026006,1097.72646972,1576.50844592,1109.02072266,25.86288720
2017-03-28,1540.41042307,1085.29592014,1602.77723522,1127.83083097,1535.22309419,1081.67395841,1575.11920135,1102.85551540,36.02340263
2017-03-27,1533.40977735,1079.41982952,1542.60973718,1086.93413562,1514.38288045,1066.81107554,1540.54632468,1085.39166960,30.20712934
2017-03-26,1413.53947862,993.29377037,1535.82538388,1080.46388116,1413.53947862,993.29377037,1533.40977735,1079.41982952,28.55170478
2017-03-25,1604.58969816,1127.70556769,1604.58969816,1127.70556769,1411.07620123,991.56282608,1413.53947862,993.29377037,16.35450547
2017-03-24,1662.48676799,1167.98027239,1662.56060562,1168.49350701,1604.70934173,1127.78965319,1604.70934173,1127.78965319,29.40997148
2017-03-23,1558.17232687,1097.85724986,1662.47047776,1168.09441254,1558.17232687,1097.85724986,1662.47047776,1167.96882768,30.08303420
2017-03-22,1682.94219429,1185.36338960,1699.13615428,1194.32236548,1558.17232687,1097.85724986,1558.17232687,1097.85724986,32.45364930
2017-03-21,1652.26735426,1164.75299830,1692.27056204,1191.62067035,1637.06726140,1152.56713918,1682.94219429,1185.36338960,36.86362806
2017-03-20,1564.61492222,1097.93685991,1694.21980081,1195.18812800,1564.61492222,1097.93685991,1652.77149999,1165.10839191,24.79485121
2017-03-19,1664.48034596,1166.99175907,1664.48034596,1166.99175907,1514.11718766,1061.54759955,1564.61492222,1097.93685991,27.39927188
2017-03-18,1701.13301322,1193.94512438,1744.86653196,1224.63962097,1659.85890455,1163.75242003,1664.48034596,1166.99175907,38.78251406
2017-03-17,1834.99834920,1281.24179966,1834.99834920,1281.24179966,1701.13301322,1193.94512438,1701.13301322,1193.94512438,16.84164686
2017-03-16,1890.07315885,1325.60339541,1903.21108607,1337.14908020,1822.21136259,1273.12430707,1836.40303163,1282.22258411,33.47926860
2017-03-15,1877.19365146,1299.59060643,1904.37508441,1340.83540563,1871.93039438,1296.95785172,1890.07315885,1325.60339541,33.10612117
2017-03-14,1846.97510648,1277.39404401,1878.41211849,1299.66712920,1839.40312223,1273.16272647,1876.48295741,1299.09858937,29.21105441
2017-03-13,1817.78089684,1258.74207346,1848.88892806,1282.17076400,1817.78089684,1258.31270046,1846.97510648,1277.39404401,19.59034348
2017-03-12,1764.01387465,1220.87392476,1821.58732920,1261.37787879,1764.01387465,1220.87392476,1817.78089684,1258.74207346,19.51791757
2017-03-11,1733.26864219,1199.82018791,1774.40278836,1228.29446926,1729.53778866,1197.23757995,1764.00148586,1220.86535047,29.26174784
2017-03-10,1756.53583960,1211.48423592,1799.93466257,1245.88214951,1726.30077193,1193.35210745,1734.43515453,1200.62768250,25.32700275
2017-03-09,1787.28230306,1234.63584207,1798.19726323,1241.51788012,1745.80228192,1203.76580168,1756.53583960,1211.48423592,32.55582675
2017-03-08,1815.06135702,1262.84728485,1819.28487549,1266.64156210,1781.94835218,1230.95120482,1787.27961053,1234.63398210,24.48710000
2017-03-07,1876.87992434,1312.16393265,1876.91556594,1313.59008817,1805.69107134,1255.83413987,1815.06135702,1262.84728485,45.42075502
2017-03-06,1842.59325284,1295.06638265,1878.22431548,1316.69776470,1842.59325284,1295.06638265,1876.87992434,1312.16393265,26.70228284
2017-03-05,1901.04686824,1339.38227060,1901.04686824,1339.38227060,1834.86827229,1288.88307636,1842.59325284,1295.06638265,8.55302600
2017-03-04,1856.39192112,1307.54016782,1920.72537163,1352.95080375,1847.84102032,1301.51738451,1901.04686824,1339.38227060,12.81000337
2017-03-03,1793.71689786,1266.48447631,1862.38265809,1312.15989708,1791.14406597,1264.56163340,1856.39192112,1307.54016782,23.49754794
2017-03-02,1737.40308538,1241.90524638,1793.72812104,1268.71688689,1737.40308538,1237.11051071,1793.71689786,1266.48447631,36.07636098
2017-03-01,1730.09393668,1242.60506027,1737.40308538,1242.60506027,1692.84214948,1208.43236750,1737.40308538,1241.90524638,25.94365525
2017-02-28,1647.54762335,1184.29346867,1735.47326781,1247.52415498,1647.54762335,1183.32123592,1730.09393668,1242.60506027,34.99884895
2017-02-27,1658.94740858,1194.00102244,1672.62640640,1203.43743850,1638.64581070,1178.50543474,1647.54762335,1184.29346867,47.98786348
2017-02-26,1694.08526936,1220.43460079,1694.82484226,1220.96739591,1628.75487620,1173.35476969,1659.23435976,1194.20755099,14.60770743
2017-02-25,1688.56668358,1215.05841806,1697.45185101,1222.15536010,1677.89285019,1207.37774353,1694.08526936,1220.43460079,6.21709257
2017-02-24,1608.58063419,1163.59089529,1688.74948509,1216.55822523,1608.09704553,1162.49351778,1688.56668358,1215.05841806,24.53580000
2017-02-23,1633.10010653,1173.30861839,1646.75516522,1186.15430376,1603.26499827,1155.76948591,1610.32530205,1164.85292691,41.05727000
2017-02-22,1548.74198239,1108.40090461,1633.38971668,1173.51669019,1548.37547475,1108.40090461,1633.10010653,1173.30861839,15.20797187
2017-02-21,1542.44237918,1108.19424708,1553.11412116,1111.00206217,1527.26061194,1092.73936134,1548.74163153,1108.40065351,38.36843758
2017-02-20,1511.66183552,1086.50331129,1542.44237918,1108.19424708,1510.70541901,1084.73217760,1542.44237918,1108.19424708,23.86039244
2017-02-19,1523.75178919,1094.58715287,1557.18418315,1118.68126395,1511.66183552,1086.50331129,1511.66183552,1086.50331129,6.75582831
2017-02-18,1482.82509409,1065.18745997,1523.75178919,1094.58715287,1460.27099639,1048.98572307,1523.75178919,1094.58715287,7.56623312
2017-02-17,1461.17444717,1054.10836554,1491.39122961,1071.83063166,1459.05452014,1052.13879070,1482.82509409,1065.18745997,19.64164562
2017-02-16,1436.59670932,1036.48985789,1463.63686881,1057.69787284,1429.74538202,1033.17236614,1461.17444717,1054.10836554,41.39089599
2017-02-15,1439.81857647,1032.37889098,1439.81857647,1037.72177301,1412.92412821,1011.36767315,1436.52763916,1036.44002448,17.85988033
2017-02-14,1459.74555649,1047.31650578,1490.05940828,1070.67264898,1439.60528780,1032.22595871,1439.60528780,1032.22595871,22.22687546
2017-02-13,1429.20678575,1029.12142434,1459.27813374,1046.98114627,1422.85778865,1023.14111170,1459.27813374,1046.98114627,28.16010000
2017-02-12,1455.84393845,1048.57673469,1465.48019373,1055.58494727,1402.67723138,1010.28322629,1429.20678575,1029.12142434,14.23365625
2017-02-11,1452.07722581,1045.64006821,1489.19782859,1072.37059531,1439.23555070,1036.61448480,1455.84393845,1048.57673469,9.32876271
2017-02-10,1410.15229074,1012.76687528,1452.65247202,1046.33722321,1410.15229074,1012.76687528,1451.88811285,1045.50388807,17.20920281
2017-02-09,1442.87486872,1045.36303160,1467.23202174,1056.45869535,1405.68239794,1009.55661254,1407.99218731,1011.21549589,34.59246105
2017-02-08,1451.28962894,1058.84857981,1482.04599374,1080.39682308,1441.74552345,1044.54482080,1442.83165158,1045.33172077,37.91967992
2017-02-07,1427.29085264,1044.74495165,1451.28962894,1058.84857981,1403.10904276,1031.95885045,1451.28962894,1058.84857981,24.26356128
2017-02-06,1469.69000000,1074.15890965,1473.57967307,1078.62733195,1388.31286709,1016.21393883,1388.31286709,1016.21393883,12.06213311
2017-02-05,1422.13196612,1040.36867926,1469.69000000,1074.15890965,1408.40183682,1030.32432556,1469.69000000,1074.15890965,8.56030000
2017-02-04,1398.89450261,1023.19327860,1430.21335777,1046.28066701,1390.59264001,1017.12104800,1422.13196612,1040.36867926,23.94995100
2017-02-03,1404.93495466,1023.46722652,1429.60464383,1040.15879092,1389.11200814,1009.48872548,1398.89450261,1023.19327860,34.63460000
2017-02-02,1333.71995900,967.64875754,1409.93979073,1027.48665356,1333.71995900,967.64875754,1404.93495466,1023.46722652,18.70942650
2017-02-01,1327.59218089,969.15291396,1341.40498226,974.93266729,1324.61666436,960.85667519,1334.20769259,968.00262103,33.83544181
2017-01-31,1320.62282377,962.19891641,1345.10773862,987.53128217,1316.26121728,959.38665178,1327.40296746,969.01478665,28.75544394
2017-01-30,1288.24042121,936.58675021,1320.62282377,962.19891641,1258.55212467,912.39296930,1320.62282377,962.19891641,21.25170000
2017-01-29,1313.01424849,953.84421089,1391.35493067,1010.75509838,1287.52977279,935.39003431,1288.24042121,936.58675021,14.02897000
2017-01-28,1342.96886149,976.04233745,1342.96886149,976.04233745,1285.84889964,934.52871589,1313.01424849,953.84421089,18.81841000
2017-01-27,1312.82634038,950.73577012,1343.98922638,976.34752030,1312.82634038,950.73577012,1342.96886149,976.04233745,30.78839574
2017-01-26,1307.79712077,954.27950627,1327.70319792,962.81052535,1299.57487860,945.74514063,1312.82634038,950.73577012,27.12406250
2017-01-25,1331.04535505,965.42528403,1331.04535505,965.42528403,1305.80119534,947.71976538,1306.56926967,953.38356215,47.40482272
2017-01-24,1312.11108970,952.36688112,1348.69031807,976.47969417,1310.69091986,949.06637956,1331.05371212,965.43134553,27.04389599
2017-01-23,1368.27873253,981.32965496,1368.27873253,982.05440786,1298.61541786,938.42374677,1312.38624542,952.56659683,28.49142451
2017-01-22,1322.15967355,947.59179748,1386.45442733,994.30232792,1322.15967355,947.59179748,1368.27873253,981.32965496,43.04568728
2017-01-21,1302.37315451,933.34524489,1396.13313010,1000.60857152,1297.07051286,929.54510869,1396.13313010,1000.60857152,20.09070000
2017-01-20,1286.14259214,923.08231685,1304.41965534,935.03635027,1284.50234269,922.33802530,1302.37315451,933.34524489,24.54870000
2017-01-19,1285.02540737,916.37832154,1288.07058148,926.05189308,1248.51816695,894.37000444,1286.14259214,923.08231685,44.73391566
2017-01-18,1268.06795079,914.43361214,1318.59576338,948.89472884,1268.06795079,914.08266391,1285.45819325,916.68695014,51.55857715
2017-01-17,1226.11960372,870.61829435,1268.06795079,914.43361214,1216.31085644,863.66024255,1268.06795079,914.43361214,27.16490011
2017-01-16,1211.19614015,862.70665113,1230.97824098,874.35318454,1204.11908464,858.31631576,1226.11960372,870.61829435,20.99706969
2017-01-15,1234.82758904,880.30813593,1247.39745904,889.26919164,1213.05553750,861.97305161,1213.64551519,864.45128362,31.01470000
2017-01-14,1221.75226171,871.16995160,1249.98837403,891.11625399,1219.25808835,869.39148230,1234.82758904,880.30813593,14.01440756
2017-01-13,1170.33331788,831.31009681,1221.75226171,871.16995160,1170.29483046,831.31009681,1221.75226171,871.16995160,15.87669000
2017-01-12,1297.90488451,915.73291131,1297.90488451,916.93104040,1170.18009590,831.20126032,1170.22044784,831.22992307,25.90257783
2017-01-11,1323.12201928,924.38425078,1365.74207184,958.00673946,1295.24590805,914.05882902,1297.90488451,915.73291131,36.40450414
2017-01-10,1370.98335872,962.16110515,1385.71021886,971.87510747,1321.68242682,926.74398879,1334.93084189,932.63435129,30.28102174
2017-01-09,1376.44668587,957.93796015,1402.88885116,975.64847943,1368.25541857,952.74038137,1371.40575702,962.45754581,18.57210000
2017-01-08,1304.68206842,907.79752812,1382.85713004,963.22183280,1301.89967406,905.86153866,1376.44668587,957.93796015,15.20644454
2017-01-07,1444.70573081,1005.12875282,1444.70573081,1005.12875282,1288.87044800,896.70907945,1304.75006934,907.84484314,24.28232870
2017-01-06,1589.58235425,1115.55666815,1589.93733336,1116.12145379,1444.70573081,1005.12875282,1444.70573081,1005.12875282,20.60964838
2017-01-05,1591.19952713,1108.30997802,1647.13611345,1152.76564850,1589.54340219,1107.77863824,1589.58235425,1115.55666815,41.85557175
2017-01-04,1511.00767217,1045.22434660,1595.35856871,1111.98602677,1497.21660694,1032.81746398,1591.36257451,1108.42354457,46.47613271
2017-01-03,1500.03883685,1039.39181691,1511.00767217,1045.22434660,1486.58088139,1028.75283987,1511.00767217,1045.22434660,28.67120000
2017-01-02,1448.05925132,1004.93930451,1539.91679441,1066.72207992,1447.36434025,1004.52884760,1500.03883685,1039.39181691,16.98580000
2017-01-01,1457.90467646,1009.34338990,1518.65264612,1051.40070861,1416.96898208,981.00259835,1448.05925132,1004.93930451,7.29722795